ocel:oid,ocel:type
po_000001,purchase_order
supplier_029,supplier
cc_012,cost_center
po_000001_item_1,item
product_0187,product
po_000001_item_2,item
product_0134,product
po_000001_gr_1,goods_receipt
po_000001_gr_2,goods_receipt
po_000001_inv_1,invoice
po_000002,purchase_order
supplier_050,supplier
cc_013,cost_center
po_000002_item_1,item
product_0111,product
po_000002_gr_1,goods_receipt
po_000002_inv_1,invoice
po_000002_inv_2,invoice
po_000003,purchase_order
supplier_022,supplier
cc_003,cost_center
po_000003_item_1,item
product_0127,product
po_000003_item_2,item
product_0199,product
po_000003_gr_1,goods_receipt
po_000003_inv_1,invoice
po_000004,purchase_order
supplier_014,supplier
cc_017,cost_center
po_000004_item_1,item
product_0148,product
po_000004_item_2,item
product_0113,product
po_000004_item_3,item
product_0073,product
po_000004_gr_1,goods_receipt
po_000004_inv_1,invoice
po_000005,purchase_order
supplier_032,supplier
cc_016,cost_center
po_000005_item_1,item
product_0044,product
po_000005_item_2,item
product_0040,product
po_000005_gr_1,goods_receipt
po_000005_inv_1,invoice
po_000006,purchase_order
supplier_044,supplier
cc_002,cost_center
po_000006_item_1,item
product_0191,product
po_000006_item_2,item
product_0012,product
po_000006_item_3,item
product_0112,product
po_000006_gr_1,goods_receipt
po_000006_gr_2,goods_receipt
po_000006_inv_1,invoice
po_000007,purchase_order
supplier_025,supplier
cc_019,cost_center
po_000007_item_1,item
product_0129,product
po_000007_gr_1,goods_receipt
po_000007_inv_1,invoice
po_000008,purchase_order
supplier_011,supplier
po_000008_item_1,item
product_0009,product
po_000008_gr_1,goods_receipt
po_000008_inv_1,invoice
po_000009,purchase_order
supplier_031,supplier
po_000009_item_1,item
product_0062,product
po_000009_item_2,item
product_0118,product
po_000009_item_3,item
product_0117,product
po_000009_item_4,item
product_0092,product
po_000009_gr_1,goods_receipt
po_000009_inv_1,invoice
po_000010,purchase_order
supplier_006,supplier
po_000010_item_1,item
product_0163,product
po_000010_item_2,item
product_0147,product
po_000010_item_3,item
product_0015,product
po_000010_item_4,item
product_0051,product
po_000010_gr_1,goods_receipt
po_000010_inv_1,invoice
po_000010_inv_2,invoice
po_000011,purchase_order
supplier_018,supplier
cc_005,cost_center
po_000011_item_1,item
product_0101,product
po_000011_item_2,item
product_0045,product
po_000011_item_3,item
product_0023,product
po_000011_item_4,item
product_0050,product
po_000011_gr_1,goods_receipt
po_000011_inv_1,invoice
po_000012,purchase_order
supplier_009,supplier
cc_011,cost_center
po_000012_item_1,item
product_0006,product
po_000012_item_2,item
product_0197,product
po_000012_item_3,item
product_0165,product
po_000012_gr_1,goods_receipt
po_000012_gr_2,goods_receipt
po_000012_inv_1,invoice
po_000013,purchase_order
cc_018,cost_center
po_000013_item_1,item
product_0198,product
po_000013_item_2,item
po_000013_item_3,item
product_0142,product
po_000013_gr_1,goods_receipt
po_000013_inv_1,invoice
po_000014,purchase_order
supplier_049,supplier
cc_020,cost_center
po_000014_item_1,item
product_0185,product
po_000014_item_2,item
product_0141,product
po_000014_item_3,item
po_000014_item_4,item
product_0080,product
po_000014_gr_1,goods_receipt
po_000014_inv_1,invoice
po_000015,purchase_order
po_000015_item_1,item
product_0095,product
po_000015_gr_1,goods_receipt
po_000015_inv_1,invoice
po_000016,purchase_order
supplier_036,supplier
po_000016_item_1,item
product_0154,product
po_000016_gr_1,goods_receipt
po_000016_inv_1,invoice
po_000016_inv_2,invoice
po_000017,purchase_order
supplier_003,supplier
po_000017_item_1,item
product_0110,product
po_000017_gr_1,goods_receipt
po_000017_inv_1,invoice
po_000018,purchase_order
supplier_015,supplier
cc_001,cost_center
po_000018_item_1,item
product_0166,product
po_000018_item_2,item
product_0035,product
po_000018_gr_1,goods_receipt
po_000018_inv_1,invoice
po_000019,purchase_order
cc_008,cost_center
po_000019_item_1,item
product_0181,product
po_000019_gr_1,goods_receipt
po_000019_gr_2,goods_receipt
po_000019_inv_1,invoice
po_000019_inv_2,invoice
po_000020,purchase_order
supplier_034,supplier
po_000020_item_1,item
product_0192,product
po_000020_item_2,item
po_000020_item_3,item
product_0084,product
po_000020_item_4,item
product_0153,product
po_000020_gr_1,goods_receipt
po_000020_inv_1,invoice
po_000020_inv_2,invoice
po_000021,purchase_order
supplier_004,supplier
po_000021_item_1,item
product_0106,product
po_000021_item_2,item
product_0025,product
po_000021_item_3,item
product_0168,product
po_000021_item_4,item
po_000021_item_5,item
product_0085,product
po_000021_gr_1,goods_receipt
po_000021_inv_1,invoice
po_000022,purchase_order
supplier_012,supplier
cc_014,cost_center
po_000022_item_1,item
product_0099,product
po_000022_item_2,item
product_0152,product
po_000022_gr_1,goods_receipt
po_000022_inv_1,invoice
po_000023,purchase_order
supplier_001,supplier
po_000023_item_1,item
po_000023_item_2,item
product_0156,product
po_000023_item_3,item
po_000023_item_4,item
product_0033,product
po_000023_gr_1,goods_receipt
po_000023_inv_1,invoice
po_000023_inv_2,invoice
po_000024,purchase_order
supplier_024,supplier
po_000024_item_1,item
product_0177,product
po_000024_item_2,item
po_000024_item_3,item
product_0053,product
po_000024_item_4,item
product_0193,product
po_000024_gr_1,goods_receipt
po_000024_inv_1,invoice
po_000024_inv_2,invoice
po_000025,purchase_order
supplier_045,supplier
cc_004,cost_center
po_000025_item_1,item
po_000025_item_2,item
product_0058,product
po_000025_item_3,item
product_0115,product
po_000025_item_4,item
product_0096,product
po_000025_gr_1,goods_receipt
po_000025_gr_2,goods_receipt
po_000025_inv_1,invoice
po_000025_inv_2,invoice
po_000026,purchase_order
supplier_013,supplier
po_000026_item_1,item
product_0071,product
po_000026_item_2,item
po_000026_item_3,item
product_0090,product
po_000026_item_4,item
product_0018,product
po_000026_gr_1,goods_receipt
po_000026_inv_1,invoice
po_000027,purchase_order
po_000027_item_1,item
product_0196,product
po_000027_item_2,item
product_0173,product
po_000027_gr_1,goods_receipt
po_000027_inv_1,invoice
po_000028,purchase_order
supplier_039,supplier
cc_009,cost_center
po_000028_item_1,item
product_0057,product
po_000028_item_2,item
po_000028_gr_1,goods_receipt
po_000028_gr_2,goods_receipt
po_000028_inv_1,invoice
po_000029,purchase_order
supplier_042,supplier
po_000029_item_1,item
product_0183,product
po_000029_gr_1,goods_receipt
po_000029_inv_1,invoice
po_000029_inv_2,invoice
po_000030,purchase_order
supplier_027,supplier
po_000030_item_1,item
product_0088,product
po_000030_item_2,item
po_000030_item_3,item
product_0005,product
po_000030_item_4,item
product_0055,product
po_000030_gr_1,goods_receipt
po_000030_inv_1,invoice
po_000031,purchase_order
cc_010,cost_center
po_000031_item_1,item
product_0008,product
po_000031_item_2,item
po_000031_item_3,item
product_0002,product
po_000031_item_4,item
po_000031_item_5,item
product_0047,product
po_000031_gr_1,goods_receipt
po_000031_inv_1,invoice
po_000032,purchase_order
supplier_019,supplier
cc_007,cost_center
po_000032_item_1,item
po_000032_item_2,item
product_0075,product
po_000032_item_3,item
po_000032_gr_1,goods_receipt
po_000032_inv_1,invoice
po_000033,purchase_order
po_000033_item_1,item
product_0121,product
po_000033_gr_1,goods_receipt
po_000033_inv_1,invoice
po_000034,purchase_order
po_000034_item_1,item
po_000034_item_2,item
po_000034_item_3,item
product_0123,product
po_000034_gr_1,goods_receipt
po_000034_inv_1,invoice
po_000035,purchase_order
po_000035_item_1,item
po_000035_item_2,item
po_000035_item_3,item
po_000035_item_4,item
po_000035_gr_1,goods_receipt
po_000035_gr_2,goods_receipt
po_000035_inv_1,invoice
po_000035_inv_2,invoice
po_000036,purchase_order
supplier_033,supplier
po_000036_item_1,item
product_0066,product
po_000036_gr_1,goods_receipt
po_000036_inv_1,invoice
po_000037,purchase_order
po_000037_item_1,item
product_0161,product
po_000037_item_2,item
product_0188,product
po_000037_item_3,item
po_000037_item_4,item
product_0116,product
po_000037_gr_1,goods_receipt
po_000037_inv_1,invoice
po_000038,purchase_order
supplier_008,supplier
po_000038_item_1,item
product_0128,product
po_000038_item_2,item
product_0164,product
po_000038_item_3,item
product_0180,product
po_000038_item_4,item
product_0149,product
po_000038_item_5,item
po_000038_gr_1,goods_receipt
po_000038_inv_1,invoice
po_000039,purchase_order
supplier_043,supplier
po_000039_item_1,item
po_000039_item_2,item
product_0039,product
po_000039_gr_1,goods_receipt
po_000039_inv_1,invoice
po_000040,purchase_order
po_000040_item_1,item
po_000040_item_2,item
product_0079,product
po_000040_item_3,item
product_0052,product
po_000040_item_4,item
po_000040_gr_1,goods_receipt
po_000040_inv_1,invoice
po_000041,purchase_order
po_000041_item_1,item
po_000041_gr_1,goods_receipt
po_000041_gr_2,goods_receipt
po_000041_inv_1,invoice
po_000041_inv_2,invoice
po_000042,purchase_order
po_000042_item_1,item
product_0107,product
po_000042_item_2,item
product_0155,product
po_000042_item_3,item
po_000042_item_4,item
product_0160,product
po_000042_gr_1,goods_receipt
po_000042_inv_1,invoice
po_000042_inv_2,invoice
po_000043,purchase_order
po_000043_item_1,item
product_0032,product
po_000043_item_2,item
po_000043_item_3,item
product_0041,product
po_000043_item_4,item
product_0122,product
po_000043_item_5,item
po_000043_gr_1,goods_receipt
po_000043_inv_1,invoice
po_000044,purchase_order
po_000044_item_1,item
product_0082,product
po_000044_item_2,item
product_0133,product
po_000044_gr_1,goods_receipt
po_000044_inv_1,invoice
po_000045,purchase_order
supplier_002,supplier
po_000045_item_1,item
product_0109,product
po_000045_item_2,item
product_0170,product
po_000045_item_3,item
po_000045_gr_1,goods_receipt
po_000045_inv_1,invoice
po_000046,purchase_order
supplier_010,supplier
po_000046_item_1,item
product_0140,product
po_000046_item_2,item
product_0034,product
po_000046_item_3,item
product_0048,product
po_000046_item_4,item
product_0064,product
po_000046_gr_1,goods_receipt
po_000046_inv_1,invoice
po_000047,purchase_order
supplier_047,supplier
cc_015,cost_center
po_000047_item_1,item
product_0028,product
po_000047_item_2,item
po_000047_item_3,item
product_0011,product
po_000047_item_4,item
product_0077,product
po_000047_gr_1,goods_receipt
po_000047_inv_1,invoice
po_000048,purchase_order
po_000048_item_1,item
product_0089,product
po_000048_item_2,item
po_000048_item_3,item
product_0182,product
po_000048_gr_1,goods_receipt
po_000048_inv_1,invoice
po_000048_inv_2,invoice
po_000049,purchase_order
supplier_026,supplier
po_000049_item_1,item
po_000049_gr_1,goods_receipt
po_000049_inv_1,invoice
po_000050,purchase_order
supplier_048,supplier
cc_006,cost_center
po_000050_item_1,item
po_000050_item_2,item
product_0026,product
po_000050_item_3,item
po_000050_item_4,item
po_000050_gr_1,goods_receipt
po_000050_inv_1,invoice
po_000051,purchase_order
po_000051_item_1,item
po_000051_item_2,item
po_000051_item_3,item
po_000051_item_4,item
product_0078,product
po_000051_item_5,item
po_000051_gr_1,goods_receipt
po_000051_inv_1,invoice
po_000052,purchase_order
po_000052_item_1,item
product_0174,product
po_000052_item_2,item
product_0124,product
po_000052_item_3,item
product_0120,product
po_000052_item_4,item
product_0060,product
po_000052_gr_1,goods_receipt
po_000052_inv_1,invoice
po_000053,purchase_order
po_000053_item_1,item
po_000053_item_2,item
product_0135,product
po_000053_item_3,item
product_0131,product
po_000053_gr_1,goods_receipt
po_000053_gr_2,goods_receipt
po_000053_inv_1,invoice
po_000054,purchase_order
po_000054_item_1,item
po_000054_item_2,item
product_0114,product
po_000054_item_3,item
product_0083,product
po_000054_item_4,item
po_000054_item_5,item
po_000054_gr_1,goods_receipt
po_000054_gr_2,goods_receipt
po_000054_inv_1,invoice
po_000055,purchase_order
po_000055_item_1,item
po_000055_item_2,item
product_0195,product
po_000055_item_3,item
po_000055_gr_1,goods_receipt
po_000055_inv_1,invoice
po_000056,purchase_order
po_000056_item_1,item
po_000056_item_2,item
po_000056_item_3,item
po_000056_gr_1,goods_receipt
po_000056_inv_1,invoice
po_000057,purchase_order
po_000057_item_1,item
product_0024,product
po_000057_item_2,item
po_000057_item_3,item
product_0046,product
po_000057_item_4,item
product_0016,product
po_000057_item_5,item
po_000057_gr_1,goods_receipt
po_000057_inv_1,invoice
po_000058,purchase_order
po_000058_item_1,item
product_0178,product
po_000058_item_2,item
product_0171,product
po_000058_gr_1,goods_receipt
po_000058_gr_2,goods_receipt
po_000058_inv_1,invoice
po_000058_inv_2,invoice
po_000059,purchase_order
po_000059_item_1,item
po_000059_item_2,item
po_000059_gr_1,goods_receipt
po_000059_inv_1,invoice
po_000060,purchase_order
po_000060_item_1,item
po_000060_item_2,item
product_0136,product
po_000060_item_3,item
po_000060_item_4,item
po_000060_gr_1,goods_receipt
po_000060_inv_1,invoice
po_000061,purchase_order
po_000061_item_1,item
product_0068,product
po_000061_gr_1,goods_receipt
po_000061_inv_1,invoice
po_000062,purchase_order
supplier_037,supplier
po_000062_item_1,item
product_0172,product
po_000062_item_2,item
product_0194,product
po_000062_item_3,item
product_0086,product
po_000062_item_4,item
product_0098,product
po_000062_gr_1,goods_receipt
po_000062_inv_1,invoice
po_000062_inv_2,invoice
po_000063,purchase_order
po_000063_item_1,item
product_0169,product
po_000063_item_2,item
po_000063_item_3,item
product_0019,product
po_000063_item_4,item
product_0049,product
po_000063_item_5,item
po_000063_gr_1,goods_receipt
po_000063_inv_1,invoice
po_000064,purchase_order
po_000064_item_1,item
po_000064_item_2,item
po_000064_gr_1,goods_receipt
po_000064_inv_1,invoice
po_000065,purchase_order
po_000065_item_1,item
po_000065_gr_1,goods_receipt
po_000065_inv_1,invoice
po_000066,purchase_order
po_000066_item_1,item
product_0190,product
po_000066_item_2,item
po_000066_gr_1,goods_receipt
po_000066_inv_1,invoice
po_000067,purchase_order
supplier_041,supplier
po_000067_item_1,item
product_0003,product
po_000067_item_2,item
po_000067_item_3,item
po_000067_gr_1,goods_receipt
po_000067_inv_1,invoice
po_000068,purchase_order
po_000068_item_1,item
product_0022,product
po_000068_item_2,item
po_000068_item_3,item
po_000068_gr_1,goods_receipt
po_000068_inv_1,invoice
po_000069,purchase_order
supplier_038,supplier
po_000069_item_1,item
po_000069_item_2,item
po_000069_item_3,item
product_0145,product
po_000069_item_4,item
po_000069_gr_1,goods_receipt
po_000069_inv_1,invoice
po_000070,purchase_order
supplier_035,supplier
po_000070_item_1,item
po_000070_gr_1,goods_receipt
po_000070_inv_1,invoice
po_000071,purchase_order
po_000071_item_1,item
po_000071_item_2,item
product_0126,product
po_000071_item_3,item
po_000071_item_4,item
product_0158,product
po_000071_gr_1,goods_receipt
po_000071_gr_2,goods_receipt
po_000071_inv_1,invoice
po_000072,purchase_order
supplier_046,supplier
po_000072_item_1,item
po_000072_gr_1,goods_receipt
po_000072_inv_1,invoice
po_000073,purchase_order
po_000073_item_1,item
product_0144,product
po_000073_item_2,item
po_000073_gr_1,goods_receipt
po_000073_inv_1,invoice
po_000074,purchase_order
po_000074_item_1,item
product_0091,product
po_000074_item_2,item
po_000074_item_3,item
po_000074_item_4,item
po_000074_gr_1,goods_receipt
po_000074_inv_1,invoice
po_000075,purchase_order
po_000075_item_1,item
po_000075_item_2,item
po_000075_gr_1,goods_receipt
po_000075_inv_1,invoice
po_000076,purchase_order
po_000076_item_1,item
po_000076_item_2,item
product_0162,product
po_000076_item_3,item
product_0159,product
po_000076_item_4,item
po_000076_item_5,item
po_000076_gr_1,goods_receipt
po_000076_inv_1,invoice
po_000077,purchase_order
po_000077_item_1,item
product_0137,product
po_000077_item_2,item
product_0105,product
po_000077_item_3,item
po_000077_item_4,item
po_000077_item_5,item
po_000077_gr_1,goods_receipt
po_000077_inv_1,invoice
po_000078,purchase_order
po_000078_item_1,item
product_0043,product
po_000078_item_2,item
po_000078_gr_1,goods_receipt
po_000078_inv_1,invoice
po_000079,purchase_order
po_000079_item_1,item
product_0054,product
po_000079_item_2,item
po_000079_item_3,item
product_0020,product
po_000079_item_4,item
po_000079_gr_1,goods_receipt
po_000079_gr_2,goods_receipt
po_000079_inv_1,invoice
po_000080,purchase_order
po_000080_item_1,item
po_000080_item_2,item
po_000080_item_3,item
product_0031,product
po_000080_gr_1,goods_receipt
po_000080_inv_1,invoice
po_000081,purchase_order
po_000081_item_1,item
po_000081_item_2,item
product_0072,product
po_000081_gr_1,goods_receipt
po_000081_inv_1,invoice
po_000081_inv_2,invoice
po_000082,purchase_order
po_000082_item_1,item
po_000082_gr_1,goods_receipt
po_000082_inv_1,invoice
po_000083,purchase_order
supplier_028,supplier
po_000083_item_1,item
po_000083_item_2,item
po_000083_item_3,item
product_0014,product
po_000083_item_4,item
po_000083_gr_1,goods_receipt
po_000083_gr_2,goods_receipt
po_000083_inv_1,invoice
po_000084,purchase_order
po_000084_item_1,item
po_000084_item_2,item
product_0132,product
po_000084_item_3,item
po_000084_item_4,item
po_000084_gr_1,goods_receipt
po_000084_inv_1,invoice
po_000085,purchase_order
supplier_023,supplier
po_000085_item_1,item
po_000085_gr_1,goods_receipt
po_000085_inv_1,invoice
po_000086,purchase_order
po_000086_item_1,item
product_0065,product
po_000086_item_2,item
product_0179,product
po_000086_gr_1,goods_receipt
po_000086_inv_1,invoice
po_000087,purchase_order
supplier_020,supplier
po_000087_item_1,item
po_000087_item_2,item
po_000087_item_3,item
product_0061,product
po_000087_item_4,item
po_000087_item_5,item
po_000087_gr_1,goods_receipt
po_000087_inv_1,invoice
po_000088,purchase_order
po_000088_item_1,item
po_000088_item_2,item
po_000088_gr_1,goods_receipt
po_000088_inv_1,invoice
po_000088_inv_2,invoice
po_000089,purchase_order
po_000089_item_1,item
po_000089_item_2,item
po_000089_item_3,item
product_0037,product
po_000089_gr_1,goods_receipt
po_000089_inv_1,invoice
po_000090,purchase_order
supplier_016,supplier
po_000090_item_1,item
po_000090_item_2,item
po_000090_gr_1,goods_receipt
po_000090_inv_1,invoice
po_000091,purchase_order
po_000091_item_1,item
product_0007,product
po_000091_item_2,item
po_000091_item_3,item
product_0146,product
po_000091_item_4,item
po_000091_gr_1,goods_receipt
po_000091_inv_1,invoice
po_000092,purchase_order
po_000092_item_1,item
po_000092_item_2,item
product_0013,product
po_000092_item_3,item
po_000092_item_4,item
po_000092_gr_1,goods_receipt
po_000092_inv_1,invoice
po_000093,purchase_order
po_000093_item_1,item
po_000093_item_2,item
po_000093_item_3,item
po_000093_item_4,item
product_0200,product
po_000093_gr_1,goods_receipt
po_000093_inv_1,invoice
po_000094,purchase_order
po_000094_item_1,item
po_000094_item_2,item
po_000094_item_3,item
product_0081,product
po_000094_item_4,item
po_000094_gr_1,goods_receipt
po_000094_gr_2,goods_receipt
po_000094_inv_1,invoice
po_000095,purchase_order
po_000095_item_1,item
po_000095_item_2,item
po_000095_item_3,item
product_0150,product
po_000095_gr_1,goods_receipt
po_000095_inv_1,invoice
po_000096,purchase_order
po_000096_item_1,item
po_000096_item_2,item
po_000096_item_3,item
po_000096_gr_1,goods_receipt
po_000096_inv_1,invoice
po_000097,purchase_order
po_000097_item_1,item
po_000097_gr_1,goods_receipt
po_000097_inv_1,invoice
po_000098,purchase_order
po_000098_item_1,item
po_000098_gr_1,goods_receipt
po_000098_gr_2,goods_receipt
po_000098_inv_1,invoice
po_000099,purchase_order
po_000099_item_1,item
po_000099_gr_1,goods_receipt
po_000099_inv_1,invoice
po_000100,purchase_order
po_000100_item_1,item
product_0067,product
po_000100_item_2,item
po_000100_item_3,item
po_000100_item_4,item
po_000100_item_5,item
po_000100_gr_1,goods_receipt
po_000100_inv_1,invoice
po_000101,purchase_order
supplier_017,supplier
po_000101_item_1,item
po_000101_item_2,item
po_000101_item_3,item
po_000101_item_4,item
po_000101_gr_1,goods_receipt
po_000101_inv_1,invoice
po_000102,purchase_order
po_000102_item_1,item
product_0001,product
po_000102_gr_1,goods_receipt
po_000102_inv_1,invoice
po_000103,purchase_order
po_000103_item_1,item
po_000103_item_2,item
product_0175,product
po_000103_gr_1,goods_receipt
po_000103_inv_1,invoice
po_000104,purchase_order
po_000104_item_1,item
po_000104_item_2,item
po_000104_item_3,item
po_000104_item_4,item
po_000104_gr_1,goods_receipt
po_000104_inv_1,invoice
po_000105,purchase_order
po_000105_item_1,item
product_0021,product
po_000105_item_2,item
product_0186,product
po_000105_gr_1,goods_receipt
po_000105_gr_2,goods_receipt
po_000105_inv_1,invoice
po_000106,purchase_order
po_000106_item_1,item
po_000106_item_2,item
po_000106_item_3,item
po_000106_item_4,item
product_0010,product
po_000106_item_5,item
po_000106_gr_1,goods_receipt
po_000106_inv_1,invoice
po_000107,purchase_order
po_000107_item_1,item
po_000107_item_2,item
po_000107_item_3,item
po_000107_item_4,item
po_000107_gr_1,goods_receipt
po_000107_inv_1,invoice
po_000107_inv_2,invoice
po_000108,purchase_order
po_000108_item_1,item
product_0104,product
po_000108_item_2,item
po_000108_item_3,item
po_000108_item_4,item
po_000108_item_5,item
po_000108_gr_1,goods_receipt
po_000108_inv_1,invoice
po_000108_inv_2,invoice
po_000109,purchase_order
po_000109_item_1,item
po_000109_item_2,item
po_000109_item_3,item
po_000109_gr_1,goods_receipt
po_000109_inv_1,invoice
po_000110,purchase_order
po_000110_item_1,item
po_000110_gr_1,goods_receipt
po_000110_inv_1,invoice
po_000111,purchase_order
po_000111_item_1,item
product_0063,product
po_000111_item_2,item
po_000111_item_3,item
po_000111_item_4,item
po_000111_item_5,item
po_000111_gr_1,goods_receipt
po_000111_inv_1,invoice
po_000112,purchase_order
po_000112_item_1,item
po_000112_item_2,item
po_000112_item_3,item
po_000112_gr_1,goods_receipt
po_000112_inv_1,invoice
po_000113,purchase_order
supplier_030,supplier
po_000113_item_1,item
po_000113_item_2,item
product_0143,product
po_000113_item_3,item
po_000113_item_4,item
po_000113_item_5,item
po_000113_gr_1,goods_receipt
po_000113_gr_2,goods_receipt
po_000113_inv_1,invoice
po_000114,purchase_order
supplier_005,supplier
po_000114_item_1,item
po_000114_item_2,item
po_000114_item_3,item
po_000114_gr_1,goods_receipt
po_000114_inv_1,invoice
po_000114_inv_2,invoice
po_000115,purchase_order
po_000115_item_1,item
po_000115_item_2,item
po_000115_item_3,item
po_000115_item_4,item
po_000115_item_5,item
po_000115_gr_1,goods_receipt
po_000115_inv_1,invoice
po_000116,purchase_order
po_000116_item_1,item
po_000116_item_2,item
po_000116_gr_1,goods_receipt
po_000116_inv_1,invoice
po_000117,purchase_order
po_000117_item_1,item
po_000117_gr_1,goods_receipt
po_000117_gr_2,goods_receipt
po_000117_inv_1,invoice
po_000117_inv_2,invoice
po_000118,purchase_order
po_000118_item_1,item
po_000118_gr_1,goods_receipt
po_000118_inv_1,invoice
po_000119,purchase_order
supplier_021,supplier
po_000119_item_1,item
po_000119_item_2,item
po_000119_item_3,item
po_000119_item_4,item
po_000119_gr_1,goods_receipt
po_000119_inv_1,invoice
po_000120,purchase_order
po_000120_item_1,item
po_000120_item_2,item
po_000120_item_3,item
product_0139,product
po_000120_item_4,item
po_000120_item_5,item
product_0167,product
po_000120_gr_1,goods_receipt
po_000120_inv_1,invoice
po_000121,purchase_order
po_000121_item_1,item
po_000121_item_2,item
product_0125,product
po_000121_gr_1,goods_receipt
po_000121_inv_1,invoice
po_000121_inv_2,invoice
po_000122,purchase_order
po_000122_item_1,item
product_0102,product
po_000122_gr_1,goods_receipt
po_000122_inv_1,invoice
po_000122_inv_2,invoice
po_000123,purchase_order
po_000123_item_1,item
po_000123_item_2,item
po_000123_item_3,item
po_000123_item_4,item
po_000123_item_5,item
po_000123_gr_1,goods_receipt
po_000123_inv_1,invoice
po_000124,purchase_order
po_000124_item_1,item
po_000124_item_2,item
po_000124_item_3,item
product_0042,product
po_000124_item_4,item
product_0189,product
po_000124_item_5,item
product_0027,product
po_000124_gr_1,goods_receipt
po_000124_inv_1,invoice
po_000124_inv_2,invoice
po_000125,purchase_order
po_000125_item_1,item
po_000125_item_2,item
po_000125_item_3,item
po_000125_gr_1,goods_receipt
po_000125_inv_1,invoice
po_000126,purchase_order
po_000126_item_1,item
po_000126_item_2,item
po_000126_item_3,item
product_0029,product
po_000126_item_4,item
po_000126_gr_1,goods_receipt
po_000126_gr_2,goods_receipt
po_000126_inv_1,invoice
po_000127,purchase_order
po_000127_item_1,item
po_000127_item_2,item
po_000127_gr_1,goods_receipt
po_000127_inv_1,invoice
po_000128,purchase_order
po_000128_item_1,item
po_000128_item_2,item
product_0108,product
po_000128_item_3,item
po_000128_item_4,item
po_000128_gr_1,goods_receipt
po_000128_inv_1,invoice
po_000129,purchase_order
po_000129_item_1,item
po_000129_item_2,item
product_0069,product
po_000129_item_3,item
po_000129_item_4,item
po_000129_item_5,item
po_000129_gr_1,goods_receipt
po_000129_inv_1,invoice
po_000129_inv_2,invoice
po_000130,purchase_order
po_000130_item_1,item
po_000130_item_2,item
po_000130_item_3,item
po_000130_gr_1,goods_receipt
po_000130_gr_2,goods_receipt
po_000130_inv_1,invoice
po_000131,purchase_order
po_000131_item_1,item
po_000131_item_2,item
po_000131_item_3,item
po_000131_gr_1,goods_receipt
po_000131_inv_1,invoice
po_000131_inv_2,invoice
po_000132,purchase_order
po_000132_item_1,item
po_000132_item_2,item
po_000132_item_3,item
po_000132_gr_1,goods_receipt
po_000132_inv_1,invoice
po_000133,purchase_order
po_000133_item_1,item
po_000133_gr_1,goods_receipt
po_000133_inv_1,invoice
po_000134,purchase_order
po_000134_item_1,item
product_0119,product
po_000134_item_2,item
po_000134_gr_1,goods_receipt
po_000134_inv_1,invoice
po_000135,purchase_order
po_000135_item_1,item
po_000135_item_2,item
po_000135_item_3,item
po_000135_item_4,item
po_000135_item_5,item
product_0056,product
po_000135_gr_1,goods_receipt
po_000135_inv_1,invoice
po_000136,purchase_order
po_000136_item_1,item
po_000136_item_2,item
po_000136_gr_1,goods_receipt
po_000136_inv_1,invoice
po_000137,purchase_order
po_000137_item_1,item
po_000137_item_2,item
product_0094,product
po_000137_item_3,item
po_000137_gr_1,goods_receipt
po_000137_inv_1,invoice
po_000138,purchase_order
po_000138_item_1,item
po_000138_item_2,item
po_000138_item_3,item
product_0038,product
po_000138_item_4,item
po_000138_gr_1,goods_receipt
po_000138_inv_1,invoice
po_000139,purchase_order
po_000139_item_1,item
po_000139_item_2,item
po_000139_gr_1,goods_receipt
po_000139_inv_1,invoice
po_000140,purchase_order
po_000140_item_1,item
po_000140_item_2,item
po_000140_item_3,item
po_000140_gr_1,goods_receipt
po_000140_gr_2,goods_receipt
po_000140_inv_1,invoice
po_000141,purchase_order
po_000141_item_1,item
po_000141_item_2,item
po_000141_gr_1,goods_receipt
po_000141_inv_1,invoice
po_000142,purchase_order
po_000142_item_1,item
po_000142_item_2,item
po_000142_item_3,item
po_000142_item_4,item
po_000142_gr_1,goods_receipt
po_000142_inv_1,invoice
po_000143,purchase_order
po_000143_item_1,item
po_000143_item_2,item
po_000143_item_3,item
po_000143_gr_1,goods_receipt
po_000143_inv_1,invoice
po_000144,purchase_order
po_000144_item_1,item
po_000144_item_2,item
po_000144_item_3,item
po_000144_item_4,item
po_000144_gr_1,goods_receipt
po_000144_inv_1,invoice
po_000145,purchase_order
po_000145_item_1,item
po_000145_item_2,item
po_000145_gr_1,goods_receipt
po_000145_gr_2,goods_receipt
po_000145_inv_1,invoice
po_000146,purchase_order
po_000146_item_1,item
product_0087,product
po_000146_item_2,item
product_0070,product
po_000146_item_3,item
po_000146_item_4,item
po_000146_item_5,item
po_000146_gr_1,goods_receipt
po_000146_inv_1,invoice
po_000147,purchase_order
po_000147_item_1,item
po_000147_gr_1,goods_receipt
po_000147_inv_1,invoice
po_000148,purchase_order
po_000148_item_1,item
po_000148_item_2,item
po_000148_gr_1,goods_receipt
po_000148_inv_1,invoice
po_000149,purchase_order
po_000149_item_1,item
po_000149_item_2,item
po_000149_item_3,item
po_000149_item_4,item
po_000149_gr_1,goods_receipt
po_000149_inv_1,invoice
po_000150,purchase_order
po_000150_item_1,item
po_000150_item_2,item
po_000150_item_3,item
product_0130,product
po_000150_item_4,item
po_000150_gr_1,goods_receipt
po_000150_inv_1,invoice
po_000151,purchase_order
po_000151_item_1,item
product_0184,product
po_000151_gr_1,goods_receipt
po_000151_inv_1,invoice
po_000152,purchase_order
po_000152_item_1,item
po_000152_item_2,item
po_000152_item_3,item
po_000152_gr_1,goods_receipt
po_000152_inv_1,invoice
po_000153,purchase_order
po_000153_item_1,item
po_000153_gr_1,goods_receipt
po_000153_inv_1,invoice
po_000153_inv_2,invoice
po_000154,purchase_order
po_000154_item_1,item
po_000154_gr_1,goods_receipt
po_000154_inv_1,invoice
po_000155,purchase_order
po_000155_item_1,item
po_000155_item_2,item
po_000155_item_3,item
po_000155_gr_1,goods_receipt
po_000155_inv_1,invoice
po_000156,purchase_order
po_000156_item_1,item
po_000156_gr_1,goods_receipt
po_000156_inv_1,invoice
po_000157,purchase_order
po_000157_item_1,item
po_000157_item_2,item
po_000157_item_3,item
po_000157_gr_1,goods_receipt
po_000157_inv_1,invoice
po_000158,purchase_order
po_000158_item_1,item
po_000158_item_2,item
po_000158_gr_1,goods_receipt
po_000158_inv_1,invoice
po_000159,purchase_order
po_000159_item_1,item
product_0074,product
po_000159_gr_1,goods_receipt
po_000159_inv_1,invoice
po_000160,purchase_order
po_000160_item_1,item
po_000160_item_2,item
po_000160_gr_1,goods_receipt
po_000160_inv_1,invoice
po_000161,purchase_order
po_000161_item_1,item
po_000161_item_2,item
po_000161_gr_1,goods_receipt
po_000161_inv_1,invoice
po_000162,purchase_order
po_000162_item_1,item
po_000162_gr_1,goods_receipt
po_000162_inv_1,invoice
po_000163,purchase_order
po_000163_item_1,item
po_000163_item_2,item
po_000163_item_3,item
po_000163_item_4,item
po_000163_item_5,item
po_000163_gr_1,goods_receipt
po_000163_inv_1,invoice
po_000164,purchase_order
po_000164_item_1,item
po_000164_item_2,item
po_000164_item_3,item
po_000164_gr_1,goods_receipt
po_000164_gr_2,goods_receipt
po_000164_inv_1,invoice
po_000164_inv_2,invoice
po_000165,purchase_order
po_000165_item_1,item
po_000165_item_2,item
product_0030,product
po_000165_item_3,item
po_000165_item_4,item
po_000165_item_5,item
po_000165_gr_1,goods_receipt
po_000165_inv_1,invoice
po_000166,purchase_order
po_000166_item_1,item
po_000166_item_2,item
po_000166_item_3,item
po_000166_gr_1,goods_receipt
po_000166_inv_1,invoice
po_000167,purchase_order
po_000167_item_1,item
po_000167_item_2,item
po_000167_item_3,item
po_000167_gr_1,goods_receipt
po_000167_inv_1,invoice
po_000168,purchase_order
po_000168_item_1,item
po_000168_item_2,item
po_000168_gr_1,goods_receipt
po_000168_inv_1,invoice
po_000169,purchase_order
po_000169_item_1,item
product_0100,product
po_000169_item_2,item
po_000169_item_3,item
po_000169_gr_1,goods_receipt
po_000169_inv_1,invoice
po_000170,purchase_order
po_000170_item_1,item
po_000170_item_2,item
po_000170_gr_1,goods_receipt
po_000170_gr_2,goods_receipt
po_000170_inv_1,invoice
po_000171,purchase_order
po_000171_item_1,item
po_000171_item_2,item
po_000171_item_3,item
product_0103,product
po_000171_item_4,item
po_000171_item_5,item
po_000171_gr_1,goods_receipt
po_000171_inv_1,invoice
po_000171_inv_2,invoice
po_000172,purchase_order
po_000172_item_1,item
po_000172_item_2,item
po_000172_item_3,item
po_000172_item_4,item
po_000172_gr_1,goods_receipt
po_000172_inv_1,invoice
po_000173,purchase_order
po_000173_item_1,item
po_000173_item_2,item
po_000173_item_3,item
po_000173_gr_1,goods_receipt
po_000173_inv_1,invoice
po_000174,purchase_order
po_000174_item_1,item
po_000174_item_2,item
po_000174_gr_1,goods_receipt
po_000174_inv_1,invoice
po_000175,purchase_order
po_000175_item_1,item
po_000175_item_2,item
po_000175_item_3,item
po_000175_item_4,item
po_000175_item_5,item
product_0097,product
po_000175_gr_1,goods_receipt
po_000175_inv_1,invoice
po_000175_inv_2,invoice
po_000176,purchase_order
po_000176_item_1,item
po_000176_item_2,item
po_000176_item_3,item
po_000176_item_4,item
po_000176_item_5,item
po_000176_gr_1,goods_receipt
po_000176_gr_2,goods_receipt
po_000176_inv_1,invoice
po_000177,purchase_order
po_000177_item_1,item
po_000177_item_2,item
po_000177_gr_1,goods_receipt
po_000177_inv_1,invoice
po_000178,purchase_order
po_000178_item_1,item
po_000178_item_2,item
po_000178_item_3,item
po_000178_item_4,item
po_000178_item_5,item
po_000178_gr_1,goods_receipt
po_000178_gr_2,goods_receipt
po_000178_inv_1,invoice
po_000179,purchase_order
po_000179_item_1,item
po_000179_item_2,item
po_000179_item_3,item
po_000179_item_4,item
po_000179_gr_1,goods_receipt
po_000179_inv_1,invoice
po_000179_inv_2,invoice
po_000180,purchase_order
po_000180_item_1,item
po_000180_item_2,item
po_000180_item_3,item
po_000180_gr_1,goods_receipt
po_000180_inv_1,invoice
po_000181,purchase_order
po_000181_item_1,item
po_000181_item_2,item
po_000181_gr_1,goods_receipt
po_000181_inv_1,invoice
po_000182,purchase_order
po_000182_item_1,item
po_000182_item_2,item
po_000182_item_3,item
po_000182_gr_1,goods_receipt
po_000182_inv_1,invoice
po_000183,purchase_order
po_000183_item_1,item
po_000183_gr_1,goods_receipt
po_000183_inv_1,invoice
po_000183_inv_2,invoice
po_000184,purchase_order
po_000184_item_1,item
po_000184_item_2,item
po_000184_item_3,item
po_000184_item_4,item
po_000184_item_5,item
po_000184_gr_1,goods_receipt
po_000184_inv_1,invoice
po_000185,purchase_order
po_000185_item_1,item
po_000185_item_2,item
po_000185_item_3,item
po_000185_gr_1,goods_receipt
po_000185_gr_2,goods_receipt
po_000185_inv_1,invoice
po_000186,purchase_order
po_000186_item_1,item
po_000186_item_2,item
po_000186_item_3,item
po_000186_item_4,item
po_000186_gr_1,goods_receipt
po_000186_inv_1,invoice
po_000187,purchase_order
po_000187_item_1,item
po_000187_item_2,item
po_000187_gr_1,goods_receipt
po_000187_inv_1,invoice
po_000188,purchase_order
po_000188_item_1,item
po_000188_item_2,item
po_000188_item_3,item
po_000188_gr_1,goods_receipt
po_000188_gr_2,goods_receipt
po_000188_inv_1,invoice
po_000189,purchase_order
supplier_040,supplier
po_000189_item_1,item
po_000189_item_2,item
po_000189_gr_1,goods_receipt
po_000189_inv_1,invoice
po_000189_inv_2,invoice
po_000190,purchase_order
po_000190_item_1,item
po_000190_item_2,item
po_000190_item_3,item
po_000190_item_4,item
po_000190_item_5,item
po_000190_gr_1,goods_receipt
po_000190_gr_2,goods_receipt
po_000190_inv_1,invoice
po_000191,purchase_order
po_000191_item_1,item
po_000191_item_2,item
po_000191_item_3,item
po_000191_item_4,item
product_0176,product
po_000191_item_5,item
po_000191_gr_1,goods_receipt
po_000191_inv_1,invoice
po_000192,purchase_order
po_000192_item_1,item
po_000192_item_2,item
po_000192_item_3,item
po_000192_gr_1,goods_receipt
po_000192_inv_1,invoice
po_000192_inv_2,invoice
po_000193,purchase_order
po_000193_item_1,item
product_0138,product
po_000193_item_2,item
po_000193_item_3,item
po_000193_item_4,item
po_000193_item_5,item
po_000193_gr_1,goods_receipt
po_000193_inv_1,invoice
po_000194,purchase_order
po_000194_item_1,item
po_000194_item_2,item
po_000194_item_3,item
po_000194_item_4,item
po_000194_gr_1,goods_receipt
po_000194_inv_1,invoice
po_000195,purchase_order
po_000195_item_1,item
po_000195_item_2,item
po_000195_item_3,item
po_000195_item_4,item
po_000195_gr_1,goods_receipt
po_000195_gr_2,goods_receipt
po_000195_inv_1,invoice
po_000196,purchase_order
po_000196_item_1,item
po_000196_item_2,item
po_000196_item_3,item
po_000196_gr_1,goods_receipt
po_000196_gr_2,goods_receipt
po_000196_inv_1,invoice
po_000197,purchase_order
po_000197_item_1,item
po_000197_item_2,item
product_0157,product
po_000197_item_3,item
po_000197_gr_1,goods_receipt
po_000197_gr_2,goods_receipt
po_000197_inv_1,invoice
po_000198,purchase_order
po_000198_item_1,item
po_000198_gr_1,goods_receipt
po_000198_inv_1,invoice
po_000199,purchase_order
po_000199_item_1,item
po_000199_item_2,item
po_000199_item_3,item
po_000199_item_4,item
po_000199_item_5,item
po_000199_gr_1,goods_receipt
po_000199_inv_1,invoice
po_000200,purchase_order
po_000200_item_1,item
po_000200_item_2,item
po_000200_item_3,item
po_000200_gr_1,goods_receipt
po_000200_inv_1,invoice
po_000201,purchase_order
po_000201_item_1,item
po_000201_item_2,item
po_000201_gr_1,goods_receipt
po_000201_gr_2,goods_receipt
po_000201_inv_1,invoice
po_000202,purchase_order
po_000202_item_1,item
po_000202_item_2,item
po_000202_item_3,item
po_000202_item_4,item
po_000202_item_5,item
product_0076,product
po_000202_gr_1,goods_receipt
po_000202_inv_1,invoice
po_000203,purchase_order
supplier_007,supplier
po_000203_item_1,item
po_000203_item_2,item
po_000203_item_3,item
product_0151,product
po_000203_item_4,item
po_000203_gr_1,goods_receipt
po_000203_gr_2,goods_receipt
po_000203_inv_1,invoice
po_000204,purchase_order
po_000204_item_1,item
po_000204_item_2,item
po_000204_item_3,item
po_000204_item_4,item
po_000204_item_5,item
po_000204_gr_1,goods_receipt
po_000204_gr_2,goods_receipt
po_000204_inv_1,invoice
po_000205,purchase_order
po_000205_item_1,item
po_000205_item_2,item
po_000205_item_3,item
po_000205_item_4,item
po_000205_gr_1,goods_receipt
po_000205_gr_2,goods_receipt
po_000205_inv_1,invoice
po_000206,purchase_order
po_000206_item_1,item
po_000206_item_2,item
po_000206_item_3,item
po_000206_item_4,item
po_000206_item_5,item
po_000206_gr_1,goods_receipt
po_000206_inv_1,invoice
po_000206_inv_2,invoice
po_000207,purchase_order
po_000207_item_1,item
po_000207_item_2,item
po_000207_item_3,item
po_000207_item_4,item
po_000207_item_5,item
po_000207_gr_1,goods_receipt
po_000207_inv_1,invoice
po_000207_inv_2,invoice
po_000208,purchase_order
po_000208_item_1,item
product_0093,product
po_000208_item_2,item
po_000208_item_3,item
po_000208_item_4,item
po_000208_item_5,item
po_000208_gr_1,goods_receipt
po_000208_inv_1,invoice
po_000209,purchase_order
po_000209_item_1,item
po_000209_item_2,item
po_000209_item_3,item
po_000209_item_4,item
po_000209_gr_1,goods_receipt
po_000209_inv_1,invoice
po_000210,purchase_order
po_000210_item_1,item
po_000210_item_2,item
po_000210_gr_1,goods_receipt
po_000210_inv_1,invoice
po_000211,purchase_order
po_000211_item_1,item
po_000211_item_2,item
po_000211_item_3,item
po_000211_item_4,item
po_000211_gr_1,goods_receipt
po_000211_inv_1,invoice
po_000212,purchase_order
po_000212_item_1,item
po_000212_item_2,item
po_000212_item_3,item
po_000212_item_4,item
po_000212_item_5,item
po_000212_gr_1,goods_receipt
po_000212_inv_1,invoice
po_000212_inv_2,invoice
po_000213,purchase_order
po_000213_item_1,item
po_000213_item_2,item
po_000213_item_3,item
po_000213_item_4,item
po_000213_gr_1,goods_receipt
po_000213_gr_2,goods_receipt
po_000213_inv_1,invoice
po_000214,purchase_order
po_000214_item_1,item
po_000214_item_2,item
po_000214_item_3,item
po_000214_item_4,item
po_000214_item_5,item
po_000214_gr_1,goods_receipt
po_000214_inv_1,invoice
po_000215,purchase_order
po_000215_item_1,item
po_000215_item_2,item
po_000215_item_3,item
po_000215_gr_1,goods_receipt
po_000215_inv_1,invoice
po_000216,purchase_order
po_000216_item_1,item
po_000216_item_2,item
po_000216_gr_1,goods_receipt
po_000216_inv_1,invoice
po_000216_inv_2,invoice
po_000217,purchase_order
po_000217_item_1,item
po_000217_item_2,item
product_0036,product
po_000217_item_3,item
po_000217_gr_1,goods_receipt
po_000217_inv_1,invoice
po_000218,purchase_order
po_000218_item_1,item
po_000218_item_2,item
po_000218_gr_1,goods_receipt
po_000218_gr_2,goods_receipt
po_000218_inv_1,invoice
po_000219,purchase_order
po_000219_item_1,item
po_000219_item_2,item
po_000219_item_3,item
po_000219_item_4,item
po_000219_item_5,item
po_000219_gr_1,goods_receipt
po_000219_inv_1,invoice
po_000220,purchase_order
po_000220_item_1,item
po_000220_item_2,item
po_000220_item_3,item
po_000220_item_4,item
po_000220_gr_1,goods_receipt
po_000220_inv_1,invoice
po_000221,purchase_order
po_000221_item_1,item
po_000221_gr_1,goods_receipt
po_000221_inv_1,invoice
po_000222,purchase_order
po_000222_item_1,item
po_000222_item_2,item
po_000222_item_3,item
po_000222_item_4,item
po_000222_item_5,item
po_000222_gr_1,goods_receipt
po_000222_inv_1,invoice
po_000223,purchase_order
po_000223_item_1,item
po_000223_gr_1,goods_receipt
po_000223_inv_1,invoice
po_000224,purchase_order
po_000224_item_1,item
po_000224_item_2,item
po_000224_item_3,item
po_000224_item_4,item
po_000224_item_5,item
po_000224_gr_1,goods_receipt
po_000224_inv_1,invoice
po_000225,purchase_order
po_000225_item_1,item
po_000225_item_2,item
po_000225_item_3,item
po_000225_item_4,item
po_000225_gr_1,goods_receipt
po_000225_gr_2,goods_receipt
po_000225_inv_1,invoice
po_000226,purchase_order
po_000226_item_1,item
po_000226_item_2,item
po_000226_item_3,item
po_000226_item_4,item
po_000226_gr_1,goods_receipt
po_000226_inv_1,invoice
po_000227,purchase_order
po_000227_item_1,item
po_000227_item_2,item
po_000227_item_3,item
po_000227_item_4,item
po_000227_item_5,item
po_000227_gr_1,goods_receipt
po_000227_inv_1,invoice
po_000228,purchase_order
po_000228_item_1,item
po_000228_item_2,item
po_000228_item_3,item
po_000228_item_4,item
po_000228_gr_1,goods_receipt
po_000228_inv_1,invoice
po_000228_inv_2,invoice
po_000229,purchase_order
po_000229_item_1,item
po_000229_item_2,item
po_000229_item_3,item
po_000229_gr_1,goods_receipt
po_000229_inv_1,invoice
po_000230,purchase_order
po_000230_item_1,item
po_000230_item_2,item
po_000230_item_3,item
po_000230_item_4,item
po_000230_gr_1,goods_receipt
po_000230_inv_1,invoice
po_000230_inv_2,invoice
po_000231,purchase_order
po_000231_item_1,item
po_000231_item_2,item
po_000231_item_3,item
po_000231_item_4,item
po_000231_gr_1,goods_receipt
po_000231_inv_1,invoice
po_000232,purchase_order
po_000232_item_1,item
po_000232_item_2,item
po_000232_gr_1,goods_receipt
po_000232_inv_1,invoice
po_000233,purchase_order
po_000233_item_1,item
po_000233_item_2,item
po_000233_item_3,item
po_000233_item_4,item
po_000233_gr_1,goods_receipt
po_000233_gr_2,goods_receipt
po_000233_inv_1,invoice
po_000234,purchase_order
po_000234_item_1,item
po_000234_gr_1,goods_receipt
po_000234_inv_1,invoice
po_000235,purchase_order
po_000235_item_1,item
po_000235_gr_1,goods_receipt
po_000235_inv_1,invoice
po_000235_inv_2,invoice
po_000236,purchase_order
po_000236_item_1,item
po_000236_item_2,item
po_000236_item_3,item
po_000236_item_4,item
po_000236_item_5,item
po_000236_gr_1,goods_receipt
po_000236_inv_1,invoice
po_000236_inv_2,invoice
po_000237,purchase_order
po_000237_item_1,item
po_000237_item_2,item
po_000237_item_3,item
po_000237_gr_1,goods_receipt
po_000237_inv_1,invoice
po_000237_inv_2,invoice
po_000238,purchase_order
po_000238_item_1,item
po_000238_item_2,item
po_000238_gr_1,goods_receipt
po_000238_inv_1,invoice
po_000238_inv_2,invoice
po_000239,purchase_order
po_000239_item_1,item
po_000239_item_2,item
po_000239_item_3,item
po_000239_item_4,item
po_000239_item_5,item
po_000239_gr_1,goods_receipt
po_000239_gr_2,goods_receipt
po_000239_inv_1,invoice
po_000240,purchase_order
po_000240_item_1,item
po_000240_item_2,item
po_000240_gr_1,goods_receipt
po_000240_inv_1,invoice
po_000241,purchase_order
po_000241_item_1,item
po_000241_item_2,item
po_000241_item_3,item
po_000241_item_4,item
po_000241_gr_1,goods_receipt
po_000241_gr_2,goods_receipt
po_000241_inv_1,invoice
po_000242,purchase_order
po_000242_item_1,item
po_000242_item_2,item
po_000242_gr_1,goods_receipt
po_000242_inv_1,invoice
po_000243,purchase_order
po_000243_item_1,item
po_000243_gr_1,goods_receipt
po_000243_inv_1,invoice
po_000244,purchase_order
po_000244_item_1,item
po_000244_item_2,item
po_000244_item_3,item
po_000244_gr_1,goods_receipt
po_000244_gr_2,goods_receipt
po_000244_inv_1,invoice
po_000245,purchase_order
po_000245_item_1,item
po_000245_item_2,item
po_000245_item_3,item
po_000245_gr_1,goods_receipt
po_000245_inv_1,invoice
po_000246,purchase_order
po_000246_item_1,item
po_000246_item_2,item
po_000246_item_3,item
po_000246_item_4,item
po_000246_gr_1,goods_receipt
po_000246_inv_1,invoice
po_000246_inv_2,invoice
po_000247,purchase_order
po_000247_item_1,item
po_000247_item_2,item
po_000247_item_3,item
po_000247_gr_1,goods_receipt
po_000247_inv_1,invoice
po_000248,purchase_order
po_000248_item_1,item
po_000248_item_2,item
po_000248_gr_1,goods_receipt
po_000248_inv_1,invoice
po_000249,purchase_order
po_000249_item_1,item
po_000249_item_2,item
po_000249_gr_1,goods_receipt
po_000249_inv_1,invoice
po_000250,purchase_order
po_000250_item_1,item
po_000250_item_2,item
po_000250_gr_1,goods_receipt
po_000250_inv_1,invoice
po_000251,purchase_order
po_000251_item_1,item
po_000251_gr_1,goods_receipt
po_000251_gr_2,goods_receipt
po_000251_inv_1,invoice
po_000252,purchase_order
po_000252_item_1,item
po_000252_item_2,item
po_000252_item_3,item
po_000252_item_4,item
po_000252_item_5,item
po_000252_gr_1,goods_receipt
po_000252_inv_1,invoice
po_000253,purchase_order
po_000253_item_1,item
product_0017,product
po_000253_item_2,item
po_000253_item_3,item
po_000253_item_4,item
po_000253_gr_1,goods_receipt
po_000253_gr_2,goods_receipt
po_000253_inv_1,invoice
po_000254,purchase_order
po_000254_item_1,item
po_000254_item_2,item
po_000254_item_3,item
po_000254_item_4,item
po_000254_gr_1,goods_receipt
po_000254_inv_1,invoice
po_000255,purchase_order
po_000255_item_1,item
po_000255_gr_1,goods_receipt
po_000255_gr_2,goods_receipt
po_000255_inv_1,invoice
po_000256,purchase_order
po_000256_item_1,item
po_000256_item_2,item
po_000256_item_3,item
po_000256_gr_1,goods_receipt
po_000256_inv_1,invoice
po_000256_inv_2,invoice
po_000257,purchase_order
po_000257_item_1,item
po_000257_item_2,item
po_000257_item_3,item
po_000257_gr_1,goods_receipt
po_000257_gr_2,goods_receipt
po_000257_inv_1,invoice
po_000257_inv_2,invoice
po_000258,purchase_order
po_000258_item_1,item
po_000258_gr_1,goods_receipt
po_000258_inv_1,invoice
po_000259,purchase_order
po_000259_item_1,item
po_000259_item_2,item
po_000259_item_3,item
po_000259_gr_1,goods_receipt
po_000259_inv_1,invoice
po_000260,purchase_order
po_000260_item_1,item
po_000260_item_2,item
po_000260_gr_1,goods_receipt
po_000260_inv_1,invoice
po_000261,purchase_order
po_000261_item_1,item
po_000261_item_2,item
po_000261_item_3,item
po_000261_item_4,item
po_000261_gr_1,goods_receipt
po_000261_inv_1,invoice
po_000262,purchase_order
po_000262_item_1,item
po_000262_item_2,item
po_000262_item_3,item
po_000262_item_4,item
po_000262_item_5,item
po_000262_gr_1,goods_receipt
po_000262_inv_1,invoice
po_000263,purchase_order
po_000263_item_1,item
po_000263_item_2,item
po_000263_item_3,item
po_000263_item_4,item
po_000263_item_5,item
po_000263_gr_1,goods_receipt
po_000263_inv_1,invoice
po_000264,purchase_order
po_000264_item_1,item
po_000264_item_2,item
po_000264_gr_1,goods_receipt
po_000264_inv_1,invoice
po_000265,purchase_order
po_000265_item_1,item
po_000265_item_2,item
po_000265_item_3,item
po_000265_item_4,item
po_000265_item_5,item
po_000265_gr_1,goods_receipt
po_000265_inv_1,invoice
po_000266,purchase_order
po_000266_item_1,item
po_000266_item_2,item
po_000266_item_3,item
po_000266_item_4,item
po_000266_gr_1,goods_receipt
po_000266_inv_1,invoice
po_000267,purchase_order
po_000267_item_1,item
po_000267_item_2,item
po_000267_item_3,item
po_000267_item_4,item
po_000267_gr_1,goods_receipt
po_000267_inv_1,invoice
po_000268,purchase_order
po_000268_item_1,item
po_000268_item_2,item
po_000268_item_3,item
po_000268_item_4,item
po_000268_gr_1,goods_receipt
po_000268_gr_2,goods_receipt
po_000268_inv_1,invoice
po_000269,purchase_order
po_000269_item_1,item
po_000269_item_2,item
po_000269_item_3,item
po_000269_item_4,item
product_0059,product
po_000269_gr_1,goods_receipt
po_000269_gr_2,goods_receipt
po_000269_inv_1,invoice
po_000270,purchase_order
po_000270_item_1,item
po_000270_item_2,item
po_000270_item_3,item
po_000270_item_4,item
po_000270_gr_1,goods_receipt
po_000270_inv_1,invoice
po_000271,purchase_order
po_000271_item_1,item
po_000271_gr_1,goods_receipt
po_000271_inv_1,invoice
po_000272,purchase_order
po_000272_item_1,item
po_000272_item_2,item
po_000272_gr_1,goods_receipt
po_000272_inv_1,invoice
po_000272_inv_2,invoice
po_000273,purchase_order
po_000273_item_1,item
po_000273_item_2,item
po_000273_item_3,item
po_000273_item_4,item
po_000273_gr_1,goods_receipt
po_000273_inv_1,invoice
po_000274,purchase_order
po_000274_item_1,item
po_000274_item_2,item
po_000274_item_3,item
po_000274_item_4,item
po_000274_item_5,item
po_000274_gr_1,goods_receipt
po_000274_inv_1,invoice
po_000275,purchase_order
po_000275_item_1,item
po_000275_item_2,item
po_000275_item_3,item
po_000275_gr_1,goods_receipt
po_000275_inv_1,invoice
po_000276,purchase_order
po_000276_item_1,item
po_000276_item_2,item
po_000276_item_3,item
po_000276_gr_1,goods_receipt
po_000276_inv_1,invoice
po_000276_inv_2,invoice
po_000277,purchase_order
po_000277_item_1,item
po_000277_gr_1,goods_receipt
po_000277_gr_2,goods_receipt
po_000277_inv_1,invoice
po_000278,purchase_order
po_000278_item_1,item
po_000278_item_2,item
po_000278_item_3,item
po_000278_item_4,item
po_000278_item_5,item
po_000278_gr_1,goods_receipt
po_000278_gr_2,goods_receipt
po_000278_inv_1,invoice
po_000279,purchase_order
po_000279_item_1,item
po_000279_item_2,item
po_000279_item_3,item
po_000279_item_4,item
po_000279_item_5,item
po_000279_gr_1,goods_receipt
po_000279_inv_1,invoice
po_000280,purchase_order
po_000280_item_1,item
po_000280_item_2,item
po_000280_item_3,item
po_000280_item_4,item
po_000280_item_5,item
po_000280_gr_1,goods_receipt
po_000280_gr_2,goods_receipt
po_000280_inv_1,invoice
po_000281,purchase_order
po_000281_item_1,item
po_000281_gr_1,goods_receipt
po_000281_inv_1,invoice
po_000282,purchase_order
po_000282_item_1,item
po_000282_item_2,item
po_000282_gr_1,goods_receipt
po_000282_inv_1,invoice
po_000282_inv_2,invoice
po_000283,purchase_order
po_000283_item_1,item
po_000283_item_2,item
po_000283_item_3,item
po_000283_item_4,item
po_000283_gr_1,goods_receipt
po_000283_inv_1,invoice
po_000284,purchase_order
po_000284_item_1,item
po_000284_item_2,item
po_000284_item_3,item
po_000284_gr_1,goods_receipt
po_000284_inv_1,invoice
po_000285,purchase_order
po_000285_item_1,item
po_000285_gr_1,goods_receipt
po_000285_gr_2,goods_receipt
po_000285_inv_1,invoice
po_000285_inv_2,invoice
po_000286,purchase_order
po_000286_item_1,item
po_000286_item_2,item
po_000286_item_3,item
po_000286_gr_1,goods_receipt
po_000286_inv_1,invoice
po_000287,purchase_order
po_000287_item_1,item
po_000287_item_2,item
po_000287_item_3,item
po_000287_item_4,item
po_000287_gr_1,goods_receipt
po_000287_inv_1,invoice
po_000288,purchase_order
po_000288_item_1,item
po_000288_item_2,item
po_000288_item_3,item
po_000288_item_4,item
po_000288_item_5,item
po_000288_gr_1,goods_receipt
po_000288_inv_1,invoice
po_000289,purchase_order
po_000289_item_1,item
po_000289_gr_1,goods_receipt
po_000289_gr_2,goods_receipt
po_000289_inv_1,invoice
po_000290,purchase_order
po_000290_item_1,item
po_000290_item_2,item
po_000290_item_3,item
po_000290_item_4,item
po_000290_item_5,item
po_000290_gr_1,goods_receipt
po_000290_inv_1,invoice
po_000291,purchase_order
po_000291_item_1,item
po_000291_item_2,item
po_000291_item_3,item
po_000291_item_4,item
po_000291_gr_1,goods_receipt
po_000291_gr_2,goods_receipt
po_000291_inv_1,invoice
po_000292,purchase_order
po_000292_item_1,item
po_000292_item_2,item
po_000292_item_3,item
po_000292_item_4,item
po_000292_gr_1,goods_receipt
po_000292_inv_1,invoice
po_000292_inv_2,invoice
po_000293,purchase_order
po_000293_item_1,item
po_000293_item_2,item
po_000293_item_3,item
po_000293_item_4,item
po_000293_gr_1,goods_receipt
po_000293_inv_1,invoice
po_000294,purchase_order
po_000294_item_1,item
po_000294_item_2,item
po_000294_item_3,item
po_000294_item_4,item
po_000294_gr_1,goods_receipt
po_000294_inv_1,invoice
po_000295,purchase_order
po_000295_item_1,item
po_000295_gr_1,goods_receipt
po_000295_inv_1,invoice
po_000296,purchase_order
po_000296_item_1,item
po_000296_item_2,item
po_000296_gr_1,goods_receipt
po_000296_inv_1,invoice
po_000297,purchase_order
po_000297_item_1,item
po_000297_item_2,item
po_000297_item_3,item
po_000297_gr_1,goods_receipt
po_000297_inv_1,invoice
po_000298,purchase_order
po_000298_item_1,item
po_000298_item_2,item
po_000298_item_3,item
po_000298_item_4,item
po_000298_gr_1,goods_receipt
po_000298_inv_1,invoice
po_000299,purchase_order
po_000299_item_1,item
po_000299_gr_1,goods_receipt
po_000299_inv_1,invoice
po_000300,purchase_order
po_000300_item_1,item
po_000300_item_2,item
po_000300_item_3,item
po_000300_item_4,item
po_000300_item_5,item
po_000300_gr_1,goods_receipt
po_000300_inv_1,invoice
po_000301,purchase_order
po_000301_item_1,item
po_000301_item_2,item
po_000301_gr_1,goods_receipt
po_000301_inv_1,invoice
po_000302,purchase_order
po_000302_item_1,item
po_000302_item_2,item
po_000302_item_3,item
po_000302_item_4,item
po_000302_item_5,item
po_000302_gr_1,goods_receipt
po_000302_inv_1,invoice
po_000303,purchase_order
po_000303_item_1,item
po_000303_item_2,item
po_000303_gr_1,goods_receipt
po_000303_inv_1,invoice
po_000304,purchase_order
po_000304_item_1,item
po_000304_item_2,item
po_000304_item_3,item
po_000304_item_4,item
po_000304_item_5,item
po_000304_gr_1,goods_receipt
po_000304_inv_1,invoice
po_000305,purchase_order
po_000305_item_1,item
po_000305_item_2,item
product_0004,product
po_000305_item_3,item
po_000305_item_4,item
po_000305_gr_1,goods_receipt
po_000305_inv_1,invoice
po_000306,purchase_order
po_000306_item_1,item
po_000306_item_2,item
po_000306_item_3,item
po_000306_gr_1,goods_receipt
po_000306_inv_1,invoice
po_000307,purchase_order
po_000307_item_1,item
po_000307_gr_1,goods_receipt
po_000307_inv_1,invoice
po_000308,purchase_order
po_000308_item_1,item
po_000308_item_2,item
po_000308_item_3,item
po_000308_item_4,item
po_000308_gr_1,goods_receipt
po_000308_inv_1,invoice
po_000308_inv_2,invoice
po_000309,purchase_order
po_000309_item_1,item
po_000309_item_2,item
po_000309_item_3,item
po_000309_gr_1,goods_receipt
po_000309_gr_2,goods_receipt
po_000309_inv_1,invoice
po_000309_inv_2,invoice
po_000310,purchase_order
po_000310_item_1,item
po_000310_item_2,item
po_000310_gr_1,goods_receipt
po_000310_inv_1,invoice
po_000311,purchase_order
po_000311_item_1,item
po_000311_item_2,item
po_000311_item_3,item
po_000311_item_4,item
po_000311_item_5,item
po_000311_gr_1,goods_receipt
po_000311_inv_1,invoice
po_000312,purchase_order
po_000312_item_1,item
po_000312_item_2,item
po_000312_item_3,item
po_000312_gr_1,goods_receipt
po_000312_inv_1,invoice
po_000313,purchase_order
po_000313_item_1,item
po_000313_item_2,item
po_000313_item_3,item
po_000313_item_4,item
po_000313_gr_1,goods_receipt
po_000313_inv_1,invoice
po_000314,purchase_order
po_000314_item_1,item
po_000314_item_2,item
po_000314_item_3,item
po_000314_gr_1,goods_receipt
po_000314_inv_1,invoice
po_000315,purchase_order
po_000315_item_1,item
po_000315_item_2,item
po_000315_item_3,item
po_000315_item_4,item
po_000315_gr_1,goods_receipt
po_000315_gr_2,goods_receipt
po_000315_inv_1,invoice
po_000316,purchase_order
po_000316_item_1,item
po_000316_item_2,item
po_000316_item_3,item
po_000316_item_4,item
po_000316_gr_1,goods_receipt
po_000316_gr_2,goods_receipt
po_000316_inv_1,invoice
po_000317,purchase_order
po_000317_item_1,item
po_000317_gr_1,goods_receipt
po_000317_inv_1,invoice
po_000318,purchase_order
po_000318_item_1,item
po_000318_item_2,item
po_000318_gr_1,goods_receipt
po_000318_inv_1,invoice
po_000319,purchase_order
po_000319_item_1,item
po_000319_item_2,item
po_000319_item_3,item
po_000319_gr_1,goods_receipt
po_000319_gr_2,goods_receipt
po_000319_inv_1,invoice
po_000320,purchase_order
po_000320_item_1,item
po_000320_item_2,item
po_000320_item_3,item
po_000320_item_4,item
po_000320_gr_1,goods_receipt
po_000320_inv_1,invoice
po_000321,purchase_order
po_000321_item_1,item
po_000321_item_2,item
po_000321_gr_1,goods_receipt
po_000321_inv_1,invoice
po_000322,purchase_order
po_000322_item_1,item
po_000322_item_2,item
po_000322_item_3,item
po_000322_item_4,item
po_000322_gr_1,goods_receipt
po_000322_gr_2,goods_receipt
po_000322_inv_1,invoice
po_000323,purchase_order
po_000323_item_1,item
po_000323_gr_1,goods_receipt
po_000323_inv_1,invoice
po_000324,purchase_order
po_000324_item_1,item
po_000324_item_2,item
po_000324_item_3,item
po_000324_item_4,item
po_000324_item_5,item
po_000324_gr_1,goods_receipt
po_000324_inv_1,invoice
po_000325,purchase_order
po_000325_item_1,item
po_000325_item_2,item
po_000325_item_3,item
po_000325_gr_1,goods_receipt
po_000325_inv_1,invoice
po_000326,purchase_order
po_000326_item_1,item
po_000326_item_2,item
po_000326_item_3,item
po_000326_gr_1,goods_receipt
po_000326_inv_1,invoice
po_000327,purchase_order
po_000327_item_1,item
po_000327_item_2,item
po_000327_gr_1,goods_receipt
po_000327_gr_2,goods_receipt
po_000327_inv_1,invoice
po_000328,purchase_order
po_000328_item_1,item
po_000328_gr_1,goods_receipt
po_000328_inv_1,invoice
po_000329,purchase_order
po_000329_item_1,item
po_000329_gr_1,goods_receipt
po_000329_inv_1,invoice
po_000330,purchase_order
po_000330_item_1,item
po_000330_item_2,item
po_000330_item_3,item
po_000330_gr_1,goods_receipt
po_000330_inv_1,invoice
po_000331,purchase_order
po_000331_item_1,item
po_000331_gr_1,goods_receipt
po_000331_inv_1,invoice
po_000332,purchase_order
po_000332_item_1,item
po_000332_item_2,item
po_000332_item_3,item
po_000332_item_4,item
po_000332_item_5,item
po_000332_gr_1,goods_receipt
po_000332_inv_1,invoice
po_000333,purchase_order
po_000333_item_1,item
po_000333_item_2,item
po_000333_item_3,item
po_000333_gr_1,goods_receipt
po_000333_inv_1,invoice
po_000334,purchase_order
po_000334_item_1,item
po_000334_item_2,item
po_000334_item_3,item
po_000334_item_4,item
po_000334_gr_1,goods_receipt
po_000334_inv_1,invoice
po_000335,purchase_order
po_000335_item_1,item
po_000335_gr_1,goods_receipt
po_000335_gr_2,goods_receipt
po_000335_inv_1,invoice
po_000336,purchase_order
po_000336_item_1,item
po_000336_item_2,item
po_000336_item_3,item
po_000336_item_4,item
po_000336_gr_1,goods_receipt
po_000336_inv_1,invoice
po_000337,purchase_order
po_000337_item_1,item
po_000337_gr_1,goods_receipt
po_000337_inv_1,invoice
po_000338,purchase_order
po_000338_item_1,item
po_000338_gr_1,goods_receipt
po_000338_inv_1,invoice
po_000339,purchase_order
po_000339_item_1,item
po_000339_item_2,item
po_000339_item_3,item
po_000339_item_4,item
po_000339_item_5,item
po_000339_gr_1,goods_receipt
po_000339_gr_2,goods_receipt
po_000339_inv_1,invoice
po_000339_inv_2,invoice
po_000340,purchase_order
po_000340_item_1,item
po_000340_item_2,item
po_000340_item_3,item
po_000340_item_4,item
po_000340_gr_1,goods_receipt
po_000340_gr_2,goods_receipt
po_000340_inv_1,invoice
po_000341,purchase_order
po_000341_item_1,item
po_000341_item_2,item
po_000341_item_3,item
po_000341_item_4,item
po_000341_gr_1,goods_receipt
po_000341_inv_1,invoice
po_000342,purchase_order
po_000342_item_1,item
po_000342_item_2,item
po_000342_gr_1,goods_receipt
po_000342_inv_1,invoice
po_000343,purchase_order
po_000343_item_1,item
po_000343_item_2,item
po_000343_item_3,item
po_000343_item_4,item
po_000343_gr_1,goods_receipt
po_000343_inv_1,invoice
po_000344,purchase_order
po_000344_item_1,item
po_000344_item_2,item
po_000344_item_3,item
po_000344_item_4,item
po_000344_item_5,item
po_000344_gr_1,goods_receipt
po_000344_inv_1,invoice
po_000345,purchase_order
po_000345_item_1,item
po_000345_item_2,item
po_000345_item_3,item
po_000345_item_4,item
po_000345_item_5,item
po_000345_gr_1,goods_receipt
po_000345_inv_1,invoice
po_000346,purchase_order
po_000346_item_1,item
po_000346_item_2,item
po_000346_gr_1,goods_receipt
po_000346_inv_1,invoice
po_000347,purchase_order
po_000347_item_1,item
po_000347_gr_1,goods_receipt
po_000347_inv_1,invoice
po_000348,purchase_order
po_000348_item_1,item
po_000348_item_2,item
po_000348_item_3,item
po_000348_item_4,item
po_000348_gr_1,goods_receipt
po_000348_gr_2,goods_receipt
po_000348_inv_1,invoice
po_000348_inv_2,invoice
po_000349,purchase_order
po_000349_item_1,item
po_000349_item_2,item
po_000349_item_3,item
po_000349_gr_1,goods_receipt
po_000349_gr_2,goods_receipt
po_000349_inv_1,invoice
po_000350,purchase_order
po_000350_item_1,item
po_000350_item_2,item
po_000350_item_3,item
po_000350_item_4,item
po_000350_item_5,item
po_000350_gr_1,goods_receipt
po_000350_inv_1,invoice
po_000351,purchase_order
po_000351_item_1,item
po_000351_gr_1,goods_receipt
po_000351_inv_1,invoice
po_000352,purchase_order
po_000352_item_1,item
po_000352_item_2,item
po_000352_gr_1,goods_receipt
po_000352_gr_2,goods_receipt
po_000352_inv_1,invoice
po_000353,purchase_order
po_000353_item_1,item
po_000353_item_2,item
po_000353_gr_1,goods_receipt
po_000353_inv_1,invoice
po_000354,purchase_order
po_000354_item_1,item
po_000354_gr_1,goods_receipt
po_000354_inv_1,invoice
po_000355,purchase_order
po_000355_item_1,item
po_000355_item_2,item
po_000355_gr_1,goods_receipt
po_000355_inv_1,invoice
po_000356,purchase_order
po_000356_item_1,item
po_000356_item_2,item
po_000356_item_3,item
po_000356_gr_1,goods_receipt
po_000356_inv_1,invoice
po_000357,purchase_order
po_000357_item_1,item
po_000357_item_2,item
po_000357_gr_1,goods_receipt
po_000357_inv_1,invoice
po_000357_inv_2,invoice
po_000358,purchase_order
po_000358_item_1,item
po_000358_item_2,item
po_000358_item_3,item
po_000358_gr_1,goods_receipt
po_000358_gr_2,goods_receipt
po_000358_inv_1,invoice
po_000359,purchase_order
po_000359_item_1,item
po_000359_item_2,item
po_000359_item_3,item
po_000359_gr_1,goods_receipt
po_000359_inv_1,invoice
po_000360,purchase_order
po_000360_item_1,item
po_000360_item_2,item
po_000360_item_3,item
po_000360_item_4,item
po_000360_item_5,item
po_000360_gr_1,goods_receipt
po_000360_inv_1,invoice
po_000361,purchase_order
po_000361_item_1,item
po_000361_item_2,item
po_000361_gr_1,goods_receipt
po_000361_inv_1,invoice
po_000362,purchase_order
po_000362_item_1,item
po_000362_item_2,item
po_000362_item_3,item
po_000362_item_4,item
po_000362_item_5,item
po_000362_gr_1,goods_receipt
po_000362_inv_1,invoice
po_000362_inv_2,invoice
po_000363,purchase_order
po_000363_item_1,item
po_000363_item_2,item
po_000363_item_3,item
po_000363_gr_1,goods_receipt
po_000363_inv_1,invoice
po_000364,purchase_order
po_000364_item_1,item
po_000364_item_2,item
po_000364_item_3,item
po_000364_item_4,item
po_000364_item_5,item
po_000364_gr_1,goods_receipt
po_000364_inv_1,invoice
po_000365,purchase_order
po_000365_item_1,item
po_000365_item_2,item
po_000365_item_3,item
po_000365_gr_1,goods_receipt
po_000365_inv_1,invoice
po_000365_inv_2,invoice
po_000366,purchase_order
po_000366_item_1,item
po_000366_item_2,item
po_000366_item_3,item
po_000366_item_4,item
po_000366_gr_1,goods_receipt
po_000366_inv_1,invoice
po_000367,purchase_order
po_000367_item_1,item
po_000367_item_2,item
po_000367_item_3,item
po_000367_item_4,item
po_000367_item_5,item
po_000367_gr_1,goods_receipt
po_000367_gr_2,goods_receipt
po_000367_inv_1,invoice
po_000368,purchase_order
po_000368_item_1,item
po_000368_gr_1,goods_receipt
po_000368_inv_1,invoice
po_000369,purchase_order
po_000369_item_1,item
po_000369_item_2,item
po_000369_item_3,item
po_000369_gr_1,goods_receipt
po_000369_inv_1,invoice
po_000370,purchase_order
po_000370_item_1,item
po_000370_item_2,item
po_000370_gr_1,goods_receipt
po_000370_inv_1,invoice
po_000371,purchase_order
po_000371_item_1,item
po_000371_item_2,item
po_000371_item_3,item
po_000371_item_4,item
po_000371_item_5,item
po_000371_gr_1,goods_receipt
po_000371_inv_1,invoice
po_000372,purchase_order
po_000372_item_1,item
po_000372_gr_1,goods_receipt
po_000372_gr_2,goods_receipt
po_000372_inv_1,invoice
po_000373,purchase_order
po_000373_item_1,item
po_000373_item_2,item
po_000373_gr_1,goods_receipt
po_000373_inv_1,invoice
po_000374,purchase_order
po_000374_item_1,item
po_000374_item_2,item
po_000374_item_3,item
po_000374_item_4,item
po_000374_item_5,item
po_000374_gr_1,goods_receipt
po_000374_gr_2,goods_receipt
po_000374_inv_1,invoice
po_000375,purchase_order
po_000375_item_1,item
po_000375_item_2,item
po_000375_item_3,item
po_000375_gr_1,goods_receipt
po_000375_inv_1,invoice
po_000375_inv_2,invoice
po_000376,purchase_order
po_000376_item_1,item
po_000376_item_2,item
po_000376_item_3,item
po_000376_gr_1,goods_receipt
po_000376_gr_2,goods_receipt
po_000376_inv_1,invoice
po_000377,purchase_order
po_000377_item_1,item
po_000377_item_2,item
po_000377_gr_1,goods_receipt
po_000377_inv_1,invoice
po_000378,purchase_order
po_000378_item_1,item
po_000378_item_2,item
po_000378_item_3,item
po_000378_item_4,item
po_000378_gr_1,goods_receipt
po_000378_inv_1,invoice
po_000379,purchase_order
po_000379_item_1,item
po_000379_item_2,item
po_000379_item_3,item
po_000379_item_4,item
po_000379_gr_1,goods_receipt
po_000379_inv_1,invoice
po_000380,purchase_order
po_000380_item_1,item
po_000380_item_2,item
po_000380_item_3,item
po_000380_item_4,item
po_000380_item_5,item
po_000380_gr_1,goods_receipt
po_000380_inv_1,invoice
po_000381,purchase_order
po_000381_item_1,item
po_000381_item_2,item
po_000381_item_3,item
po_000381_gr_1,goods_receipt
po_000381_gr_2,goods_receipt
po_000381_inv_1,invoice
po_000382,purchase_order
po_000382_item_1,item
po_000382_gr_1,goods_receipt
po_000382_inv_1,invoice
po_000383,purchase_order
po_000383_item_1,item
po_000383_gr_1,goods_receipt
po_000383_inv_1,invoice
po_000384,purchase_order
po_000384_item_1,item
po_000384_item_2,item
po_000384_item_3,item
po_000384_item_4,item
po_000384_item_5,item
po_000384_gr_1,goods_receipt
po_000384_inv_1,invoice
po_000385,purchase_order
po_000385_item_1,item
po_000385_item_2,item
po_000385_item_3,item
po_000385_gr_1,goods_receipt
po_000385_inv_1,invoice
po_000386,purchase_order
po_000386_item_1,item
po_000386_item_2,item
po_000386_gr_1,goods_receipt
po_000386_gr_2,goods_receipt
po_000386_inv_1,invoice
po_000387,purchase_order
po_000387_item_1,item
po_000387_item_2,item
po_000387_item_3,item
po_000387_item_4,item
po_000387_item_5,item
po_000387_gr_1,goods_receipt
po_000387_inv_1,invoice
po_000388,purchase_order
po_000388_item_1,item
po_000388_item_2,item
po_000388_item_3,item
po_000388_item_4,item
po_000388_gr_1,goods_receipt
po_000388_gr_2,goods_receipt
po_000388_inv_1,invoice
po_000389,purchase_order
po_000389_item_1,item
po_000389_gr_1,goods_receipt
po_000389_inv_1,invoice
po_000390,purchase_order
po_000390_item_1,item
po_000390_item_2,item
po_000390_item_3,item
po_000390_item_4,item
po_000390_gr_1,goods_receipt
po_000390_inv_1,invoice
po_000391,purchase_order
po_000391_item_1,item
po_000391_item_2,item
po_000391_item_3,item
po_000391_item_4,item
po_000391_item_5,item
po_000391_gr_1,goods_receipt
po_000391_inv_1,invoice
po_000391_inv_2,invoice
po_000392,purchase_order
po_000392_item_1,item
po_000392_item_2,item
po_000392_gr_1,goods_receipt
po_000392_gr_2,goods_receipt
po_000392_inv_1,invoice
po_000393,purchase_order
po_000393_item_1,item
po_000393_gr_1,goods_receipt
po_000393_gr_2,goods_receipt
po_000393_inv_1,invoice
po_000394,purchase_order
po_000394_item_1,item
po_000394_gr_1,goods_receipt
po_000394_inv_1,invoice
po_000395,purchase_order
po_000395_item_1,item
po_000395_item_2,item
po_000395_item_3,item
po_000395_item_4,item
po_000395_item_5,item
po_000395_gr_1,goods_receipt
po_000395_inv_1,invoice
po_000396,purchase_order
po_000396_item_1,item
po_000396_item_2,item
po_000396_item_3,item
po_000396_gr_1,goods_receipt
po_000396_inv_1,invoice
po_000397,purchase_order
po_000397_item_1,item
po_000397_item_2,item
po_000397_item_3,item
po_000397_gr_1,goods_receipt
po_000397_inv_1,invoice
po_000398,purchase_order
po_000398_item_1,item
po_000398_item_2,item
po_000398_gr_1,goods_receipt
po_000398_inv_1,invoice
po_000398_inv_2,invoice
po_000399,purchase_order
po_000399_item_1,item
po_000399_item_2,item
po_000399_item_3,item
po_000399_item_4,item
po_000399_item_5,item
po_000399_gr_1,goods_receipt
po_000399_inv_1,invoice
po_000400,purchase_order
po_000400_item_1,item
po_000400_item_2,item
po_000400_item_3,item
po_000400_gr_1,goods_receipt
po_000400_inv_1,invoice
po_000401,purchase_order
po_000401_item_1,item
po_000401_item_2,item
po_000401_item_3,item
po_000401_gr_1,goods_receipt
po_000401_inv_1,invoice
po_000402,purchase_order
po_000402_item_1,item
po_000402_item_2,item
po_000402_gr_1,goods_receipt
po_000402_inv_1,invoice
po_000403,purchase_order
po_000403_item_1,item
po_000403_item_2,item
po_000403_gr_1,goods_receipt
po_000403_inv_1,invoice
po_000404,purchase_order
po_000404_item_1,item
po_000404_item_2,item
po_000404_item_3,item
po_000404_item_4,item
po_000404_gr_1,goods_receipt
po_000404_inv_1,invoice
po_000405,purchase_order
po_000405_item_1,item
po_000405_item_2,item
po_000405_gr_1,goods_receipt
po_000405_inv_1,invoice
po_000406,purchase_order
po_000406_item_1,item
po_000406_item_2,item
po_000406_item_3,item
po_000406_item_4,item
po_000406_item_5,item
po_000406_gr_1,goods_receipt
po_000406_gr_2,goods_receipt
po_000406_inv_1,invoice
po_000407,purchase_order
po_000407_item_1,item
po_000407_item_2,item
po_000407_item_3,item
po_000407_item_4,item
po_000407_gr_1,goods_receipt
po_000407_gr_2,goods_receipt
po_000407_inv_1,invoice
po_000408,purchase_order
po_000408_item_1,item
po_000408_gr_1,goods_receipt
po_000408_inv_1,invoice
po_000409,purchase_order
po_000409_item_1,item
po_000409_gr_1,goods_receipt
po_000409_inv_1,invoice
po_000410,purchase_order
po_000410_item_1,item
po_000410_gr_1,goods_receipt
po_000410_inv_1,invoice
po_000411,purchase_order
po_000411_item_1,item
po_000411_item_2,item
po_000411_item_3,item
po_000411_item_4,item
po_000411_gr_1,goods_receipt
po_000411_gr_2,goods_receipt
po_000411_inv_1,invoice
po_000412,purchase_order
po_000412_item_1,item
po_000412_gr_1,goods_receipt
po_000412_gr_2,goods_receipt
po_000412_inv_1,invoice
po_000413,purchase_order
po_000413_item_1,item
po_000413_gr_1,goods_receipt
po_000413_inv_1,invoice
po_000414,purchase_order
po_000414_item_1,item
po_000414_item_2,item
po_000414_item_3,item
po_000414_gr_1,goods_receipt
po_000414_inv_1,invoice
po_000415,purchase_order
po_000415_item_1,item
po_000415_item_2,item
po_000415_item_3,item
po_000415_item_4,item
po_000415_gr_1,goods_receipt
po_000415_inv_1,invoice
po_000416,purchase_order
po_000416_item_1,item
po_000416_gr_1,goods_receipt
po_000416_inv_1,invoice
po_000416_inv_2,invoice
po_000417,purchase_order
po_000417_item_1,item
po_000417_item_2,item
po_000417_gr_1,goods_receipt
po_000417_inv_1,invoice
po_000418,purchase_order
po_000418_item_1,item
po_000418_gr_1,goods_receipt
po_000418_gr_2,goods_receipt
po_000418_inv_1,invoice
po_000419,purchase_order
po_000419_item_1,item
po_000419_gr_1,goods_receipt
po_000419_inv_1,invoice
po_000420,purchase_order
po_000420_item_1,item
po_000420_item_2,item
po_000420_item_3,item
po_000420_item_4,item
po_000420_gr_1,goods_receipt
po_000420_inv_1,invoice
po_000420_inv_2,invoice
po_000421,purchase_order
po_000421_item_1,item
po_000421_item_2,item
po_000421_item_3,item
po_000421_item_4,item
po_000421_item_5,item
po_000421_gr_1,goods_receipt
po_000421_inv_1,invoice
po_000421_inv_2,invoice
po_000422,purchase_order
po_000422_item_1,item
po_000422_item_2,item
po_000422_item_3,item
po_000422_gr_1,goods_receipt
po_000422_inv_1,invoice
po_000423,purchase_order
po_000423_item_1,item
po_000423_item_2,item
po_000423_item_3,item
po_000423_item_4,item
po_000423_gr_1,goods_receipt
po_000423_inv_1,invoice
po_000423_inv_2,invoice
po_000424,purchase_order
po_000424_item_1,item
po_000424_item_2,item
po_000424_item_3,item
po_000424_item_4,item
po_000424_gr_1,goods_receipt
po_000424_gr_2,goods_receipt
po_000424_inv_1,invoice
po_000425,purchase_order
po_000425_item_1,item
po_000425_item_2,item
po_000425_item_3,item
po_000425_item_4,item
po_000425_gr_1,goods_receipt
po_000425_gr_2,goods_receipt
po_000425_inv_1,invoice
po_000426,purchase_order
po_000426_item_1,item
po_000426_item_2,item
po_000426_item_3,item
po_000426_item_4,item
po_000426_item_5,item
po_000426_gr_1,goods_receipt
po_000426_inv_1,invoice
po_000427,purchase_order
po_000427_item_1,item
po_000427_item_2,item
po_000427_gr_1,goods_receipt
po_000427_inv_1,invoice
po_000428,purchase_order
po_000428_item_1,item
po_000428_item_2,item
po_000428_gr_1,goods_receipt
po_000428_gr_2,goods_receipt
po_000428_inv_1,invoice
po_000429,purchase_order
po_000429_item_1,item
po_000429_item_2,item
po_000429_item_3,item
po_000429_item_4,item
po_000429_gr_1,goods_receipt
po_000429_inv_1,invoice
po_000429_inv_2,invoice
po_000430,purchase_order
po_000430_item_1,item
po_000430_item_2,item
po_000430_item_3,item
po_000430_item_4,item
po_000430_item_5,item
po_000430_gr_1,goods_receipt
po_000430_inv_1,invoice
po_000430_inv_2,invoice
po_000431,purchase_order
po_000431_item_1,item
po_000431_item_2,item
po_000431_gr_1,goods_receipt
po_000431_inv_1,invoice
po_000432,purchase_order
po_000432_item_1,item
po_000432_item_2,item
po_000432_item_3,item
po_000432_item_4,item
po_000432_gr_1,goods_receipt
po_000432_inv_1,invoice
po_000432_inv_2,invoice
po_000433,purchase_order
po_000433_item_1,item
po_000433_item_2,item
po_000433_item_3,item
po_000433_item_4,item
po_000433_item_5,item
po_000433_gr_1,goods_receipt
po_000433_inv_1,invoice
po_000434,purchase_order
po_000434_item_1,item
po_000434_gr_1,goods_receipt
po_000434_gr_2,goods_receipt
po_000434_inv_1,invoice
po_000435,purchase_order
po_000435_item_1,item
po_000435_item_2,item
po_000435_gr_1,goods_receipt
po_000435_inv_1,invoice
po_000436,purchase_order
po_000436_item_1,item
po_000436_gr_1,goods_receipt
po_000436_inv_1,invoice
po_000437,purchase_order
po_000437_item_1,item
po_000437_item_2,item
po_000437_item_3,item
po_000437_gr_1,goods_receipt
po_000437_gr_2,goods_receipt
po_000437_inv_1,invoice
po_000438,purchase_order
po_000438_item_1,item
po_000438_item_2,item
po_000438_gr_1,goods_receipt
po_000438_inv_1,invoice
po_000439,purchase_order
po_000439_item_1,item
po_000439_item_2,item
po_000439_item_3,item
po_000439_item_4,item
po_000439_item_5,item
po_000439_gr_1,goods_receipt
po_000439_inv_1,invoice
po_000440,purchase_order
po_000440_item_1,item
po_000440_item_2,item
po_000440_item_3,item
po_000440_item_4,item
po_000440_item_5,item
po_000440_gr_1,goods_receipt
po_000440_gr_2,goods_receipt
po_000440_inv_1,invoice
po_000441,purchase_order
po_000441_item_1,item
po_000441_item_2,item
po_000441_item_3,item
po_000441_item_4,item
po_000441_gr_1,goods_receipt
po_000441_inv_1,invoice
po_000442,purchase_order
po_000442_item_1,item
po_000442_item_2,item
po_000442_gr_1,goods_receipt
po_000442_inv_1,invoice
po_000443,purchase_order
po_000443_item_1,item
po_000443_item_2,item
po_000443_item_3,item
po_000443_item_4,item
po_000443_gr_1,goods_receipt
po_000443_inv_1,invoice
po_000443_inv_2,invoice
po_000444,purchase_order
po_000444_item_1,item
po_000444_item_2,item
po_000444_item_3,item
po_000444_item_4,item
po_000444_item_5,item
po_000444_gr_1,goods_receipt
po_000444_inv_1,invoice
po_000444_inv_2,invoice
po_000445,purchase_order
po_000445_item_1,item
po_000445_item_2,item
po_000445_item_3,item
po_000445_item_4,item
po_000445_item_5,item
po_000445_gr_1,goods_receipt
po_000445_inv_1,invoice
po_000446,purchase_order
po_000446_item_1,item
po_000446_item_2,item
po_000446_item_3,item
po_000446_item_4,item
po_000446_item_5,item
po_000446_gr_1,goods_receipt
po_000446_gr_2,goods_receipt
po_000446_inv_1,invoice
po_000447,purchase_order
po_000447_item_1,item
po_000447_item_2,item
po_000447_item_3,item
po_000447_gr_1,goods_receipt
po_000447_inv_1,invoice
po_000448,purchase_order
po_000448_item_1,item
po_000448_item_2,item
po_000448_item_3,item
po_000448_item_4,item
po_000448_gr_1,goods_receipt
po_000448_inv_1,invoice
po_000449,purchase_order
po_000449_item_1,item
po_000449_item_2,item
po_000449_item_3,item
po_000449_item_4,item
po_000449_gr_1,goods_receipt
po_000449_gr_2,goods_receipt
po_000449_inv_1,invoice
po_000450,purchase_order
po_000450_item_1,item
po_000450_item_2,item
po_000450_gr_1,goods_receipt
po_000450_inv_1,invoice
po_000451,purchase_order
po_000451_item_1,item
po_000451_item_2,item
po_000451_item_3,item
po_000451_item_4,item
po_000451_gr_1,goods_receipt
po_000451_inv_1,invoice
po_000452,purchase_order
po_000452_item_1,item
po_000452_item_2,item
po_000452_gr_1,goods_receipt
po_000452_inv_1,invoice
po_000453,purchase_order
po_000453_item_1,item
po_000453_item_2,item
po_000453_item_3,item
po_000453_item_4,item
po_000453_gr_1,goods_receipt
po_000453_inv_1,invoice
po_000454,purchase_order
po_000454_item_1,item
po_000454_gr_1,goods_receipt
po_000454_gr_2,goods_receipt
po_000454_inv_1,invoice
po_000454_inv_2,invoice
po_000455,purchase_order
po_000455_item_1,item
po_000455_item_2,item
po_000455_item_3,item
po_000455_item_4,item
po_000455_gr_1,goods_receipt
po_000455_gr_2,goods_receipt
po_000455_inv_1,invoice
po_000456,purchase_order
po_000456_item_1,item
po_000456_item_2,item
po_000456_item_3,item
po_000456_item_4,item
po_000456_item_5,item
po_000456_gr_1,goods_receipt
po_000456_inv_1,invoice
po_000457,purchase_order
po_000457_item_1,item
po_000457_gr_1,goods_receipt
po_000457_inv_1,invoice
po_000458,purchase_order
po_000458_item_1,item
po_000458_item_2,item
po_000458_item_3,item
po_000458_gr_1,goods_receipt
po_000458_gr_2,goods_receipt
po_000458_inv_1,invoice
po_000459,purchase_order
po_000459_item_1,item
po_000459_item_2,item
po_000459_item_3,item
po_000459_item_4,item
po_000459_item_5,item
po_000459_gr_1,goods_receipt
po_000459_inv_1,invoice
po_000460,purchase_order
po_000460_item_1,item
po_000460_item_2,item
po_000460_item_3,item
po_000460_item_4,item
po_000460_gr_1,goods_receipt
po_000460_inv_1,invoice
po_000461,purchase_order
po_000461_item_1,item
po_000461_item_2,item
po_000461_gr_1,goods_receipt
po_000461_inv_1,invoice
po_000462,purchase_order
po_000462_item_1,item
po_000462_gr_1,goods_receipt
po_000462_inv_1,invoice
po_000463,purchase_order
po_000463_item_1,item
po_000463_item_2,item
po_000463_item_3,item
po_000463_item_4,item
po_000463_item_5,item
po_000463_gr_1,goods_receipt
po_000463_inv_1,invoice
po_000464,purchase_order
po_000464_item_1,item
po_000464_item_2,item
po_000464_item_3,item
po_000464_item_4,item
po_000464_item_5,item
po_000464_gr_1,goods_receipt
po_000464_inv_1,invoice
po_000464_inv_2,invoice
po_000465,purchase_order
po_000465_item_1,item
po_000465_item_2,item
po_000465_gr_1,goods_receipt
po_000465_inv_1,invoice
po_000466,purchase_order
po_000466_item_1,item
po_000466_item_2,item
po_000466_item_3,item
po_000466_gr_1,goods_receipt
po_000466_inv_1,invoice
po_000467,purchase_order
po_000467_item_1,item
po_000467_item_2,item
po_000467_gr_1,goods_receipt
po_000467_inv_1,invoice
po_000468,purchase_order
po_000468_item_1,item
po_000468_item_2,item
po_000468_item_3,item
po_000468_item_4,item
po_000468_gr_1,goods_receipt
po_000468_inv_1,invoice
po_000469,purchase_order
po_000469_item_1,item
po_000469_item_2,item
po_000469_item_3,item
po_000469_gr_1,goods_receipt
po_000469_inv_1,invoice
po_000470,purchase_order
po_000470_item_1,item
po_000470_item_2,item
po_000470_item_3,item
po_000470_gr_1,goods_receipt
po_000470_inv_1,invoice
po_000471,purchase_order
po_000471_item_1,item
po_000471_item_2,item
po_000471_item_3,item
po_000471_item_4,item
po_000471_item_5,item
po_000471_gr_1,goods_receipt
po_000471_inv_1,invoice
po_000472,purchase_order
po_000472_item_1,item
po_000472_item_2,item
po_000472_item_3,item
po_000472_gr_1,goods_receipt
po_000472_inv_1,invoice
po_000473,purchase_order
po_000473_item_1,item
po_000473_item_2,item
po_000473_item_3,item
po_000473_item_4,item
po_000473_gr_1,goods_receipt
po_000473_inv_1,invoice
po_000474,purchase_order
po_000474_item_1,item
po_000474_item_2,item
po_000474_item_3,item
po_000474_gr_1,goods_receipt
po_000474_inv_1,invoice
po_000475,purchase_order
po_000475_item_1,item
po_000475_item_2,item
po_000475_item_3,item
po_000475_item_4,item
po_000475_gr_1,goods_receipt
po_000475_inv_1,invoice
po_000476,purchase_order
po_000476_item_1,item
po_000476_item_2,item
po_000476_item_3,item
po_000476_item_4,item
po_000476_item_5,item
po_000476_gr_1,goods_receipt
po_000476_gr_2,goods_receipt
po_000476_inv_1,invoice
po_000477,purchase_order
po_000477_item_1,item
po_000477_item_2,item
po_000477_item_3,item
po_000477_item_4,item
po_000477_gr_1,goods_receipt
po_000477_inv_1,invoice
po_000478,purchase_order
po_000478_item_1,item
po_000478_item_2,item
po_000478_item_3,item
po_000478_item_4,item
po_000478_item_5,item
po_000478_gr_1,goods_receipt
po_000478_inv_1,invoice
po_000479,purchase_order
po_000479_item_1,item
po_000479_item_2,item
po_000479_item_3,item
po_000479_item_4,item
po_000479_item_5,item
po_000479_gr_1,goods_receipt
po_000479_gr_2,goods_receipt
po_000479_inv_1,invoice
po_000480,purchase_order
po_000480_item_1,item
po_000480_item_2,item
po_000480_item_3,item
po_000480_item_4,item
po_000480_item_5,item
po_000480_gr_1,goods_receipt
po_000480_inv_1,invoice
po_000481,purchase_order
po_000481_item_1,item
po_000481_item_2,item
po_000481_item_3,item
po_000481_item_4,item
po_000481_gr_1,goods_receipt
po_000481_gr_2,goods_receipt
po_000481_inv_1,invoice
po_000482,purchase_order
po_000482_item_1,item
po_000482_item_2,item
po_000482_item_3,item
po_000482_item_4,item
po_000482_gr_1,goods_receipt
po_000482_gr_2,goods_receipt
po_000482_inv_1,invoice
po_000483,purchase_order
po_000483_item_1,item
po_000483_item_2,item
po_000483_gr_1,goods_receipt
po_000483_inv_1,invoice
po_000484,purchase_order
po_000484_item_1,item
po_000484_item_2,item
po_000484_gr_1,goods_receipt
po_000484_inv_1,invoice
po_000485,purchase_order
po_000485_item_1,item
po_000485_item_2,item
po_000485_item_3,item
po_000485_gr_1,goods_receipt
po_000485_inv_1,invoice
po_000486,purchase_order
po_000486_item_1,item
po_000486_gr_1,goods_receipt
po_000486_inv_1,invoice
po_000487,purchase_order
po_000487_item_1,item
po_000487_gr_1,goods_receipt
po_000487_inv_1,invoice
po_000488,purchase_order
po_000488_item_1,item
po_000488_item_2,item
po_000488_item_3,item
po_000488_item_4,item
po_000488_item_5,item
po_000488_gr_1,goods_receipt
po_000488_inv_1,invoice
po_000489,purchase_order
po_000489_item_1,item
po_000489_item_2,item
po_000489_item_3,item
po_000489_gr_1,goods_receipt
po_000489_inv_1,invoice
po_000490,purchase_order
po_000490_item_1,item
po_000490_item_2,item
po_000490_item_3,item
po_000490_gr_1,goods_receipt
po_000490_inv_1,invoice
po_000491,purchase_order
po_000491_item_1,item
po_000491_item_2,item
po_000491_item_3,item
po_000491_item_4,item
po_000491_gr_1,goods_receipt
po_000491_inv_1,invoice
po_000492,purchase_order
po_000492_item_1,item
po_000492_item_2,item
po_000492_gr_1,goods_receipt
po_000492_inv_1,invoice
po_000493,purchase_order
po_000493_item_1,item
po_000493_item_2,item
po_000493_item_3,item
po_000493_item_4,item
po_000493_gr_1,goods_receipt
po_000493_inv_1,invoice
po_000494,purchase_order
po_000494_item_1,item
po_000494_item_2,item
po_000494_item_3,item
po_000494_item_4,item
po_000494_gr_1,goods_receipt
po_000494_inv_1,invoice
po_000495,purchase_order
po_000495_item_1,item
po_000495_item_2,item
po_000495_item_3,item
po_000495_item_4,item
po_000495_gr_1,goods_receipt
po_000495_inv_1,invoice
po_000495_inv_2,invoice
po_000496,purchase_order
po_000496_item_1,item
po_000496_item_2,item
po_000496_item_3,item
po_000496_gr_1,goods_receipt
po_000496_inv_1,invoice
po_000497,purchase_order
po_000497_item_1,item
po_000497_item_2,item
po_000497_item_3,item
po_000497_item_4,item
po_000497_item_5,item
po_000497_gr_1,goods_receipt
po_000497_gr_2,goods_receipt
po_000497_inv_1,invoice
po_000498,purchase_order
po_000498_item_1,item
po_000498_item_2,item
po_000498_item_3,item
po_000498_item_4,item
po_000498_item_5,item
po_000498_gr_1,goods_receipt
po_000498_inv_1,invoice
po_000499,purchase_order
po_000499_item_1,item
po_000499_item_2,item
po_000499_item_3,item
po_000499_item_4,item
po_000499_gr_1,goods_receipt
po_000499_inv_1,invoice
po_000500,purchase_order
po_000500_item_1,item
po_000500_gr_1,goods_receipt
po_000500_gr_2,goods_receipt
po_000500_inv_1,invoice
po_000501,purchase_order
po_000501_item_1,item
po_000501_item_2,item
po_000501_item_3,item
po_000501_gr_1,goods_receipt
po_000501_inv_1,invoice
po_000502,purchase_order
po_000502_item_1,item
po_000502_item_2,item
po_000502_item_3,item
po_000502_gr_1,goods_receipt
po_000502_inv_1,invoice
po_000502_inv_2,invoice
po_000503,purchase_order
po_000503_item_1,item
po_000503_item_2,item
po_000503_item_3,item
po_000503_item_4,item
po_000503_gr_1,goods_receipt
po_000503_inv_1,invoice
po_000504,purchase_order
po_000504_item_1,item
po_000504_gr_1,goods_receipt
po_000504_gr_2,goods_receipt
po_000504_inv_1,invoice
po_000504_inv_2,invoice
po_000505,purchase_order
po_000505_item_1,item
po_000505_item_2,item
po_000505_item_3,item
po_000505_item_4,item
po_000505_item_5,item
po_000505_gr_1,goods_receipt
po_000505_inv_1,invoice
po_000506,purchase_order
po_000506_item_1,item
po_000506_gr_1,goods_receipt
po_000506_gr_2,goods_receipt
po_000506_inv_1,invoice
po_000507,purchase_order
po_000507_item_1,item
po_000507_item_2,item
po_000507_item_3,item
po_000507_item_4,item
po_000507_gr_1,goods_receipt
po_000507_inv_1,invoice
po_000507_inv_2,invoice
po_000508,purchase_order
po_000508_item_1,item
po_000508_item_2,item
po_000508_item_3,item
po_000508_item_4,item
po_000508_gr_1,goods_receipt
po_000508_gr_2,goods_receipt
po_000508_inv_1,invoice
po_000509,purchase_order
po_000509_item_1,item
po_000509_item_2,item
po_000509_gr_1,goods_receipt
po_000509_inv_1,invoice
po_000510,purchase_order
po_000510_item_1,item
po_000510_item_2,item
po_000510_item_3,item
po_000510_gr_1,goods_receipt
po_000510_inv_1,invoice
po_000511,purchase_order
po_000511_item_1,item
po_000511_item_2,item
po_000511_item_3,item
po_000511_item_4,item
po_000511_gr_1,goods_receipt
po_000511_inv_1,invoice
po_000512,purchase_order
po_000512_item_1,item
po_000512_item_2,item
po_000512_gr_1,goods_receipt
po_000512_inv_1,invoice
po_000512_inv_2,invoice
po_000513,purchase_order
po_000513_item_1,item
po_000513_item_2,item
po_000513_item_3,item
po_000513_item_4,item
po_000513_item_5,item
po_000513_gr_1,goods_receipt
po_000513_inv_1,invoice
po_000513_inv_2,invoice
po_000514,purchase_order
po_000514_item_1,item
po_000514_item_2,item
po_000514_item_3,item
po_000514_item_4,item
po_000514_gr_1,goods_receipt
po_000514_inv_1,invoice
po_000514_inv_2,invoice
po_000515,purchase_order
po_000515_item_1,item
po_000515_item_2,item
po_000515_item_3,item
po_000515_item_4,item
po_000515_gr_1,goods_receipt
po_000515_inv_1,invoice
po_000516,purchase_order
po_000516_item_1,item
po_000516_gr_1,goods_receipt
po_000516_inv_1,invoice
po_000517,purchase_order
po_000517_item_1,item
po_000517_item_2,item
po_000517_gr_1,goods_receipt
po_000517_inv_1,invoice
po_000518,purchase_order
po_000518_item_1,item
po_000518_item_2,item
po_000518_gr_1,goods_receipt
po_000518_inv_1,invoice
po_000518_inv_2,invoice
po_000519,purchase_order
po_000519_item_1,item
po_000519_gr_1,goods_receipt
po_000519_inv_1,invoice
po_000520,purchase_order
po_000520_item_1,item
po_000520_item_2,item
po_000520_item_3,item
po_000520_item_4,item
po_000520_item_5,item
po_000520_gr_1,goods_receipt
po_000520_inv_1,invoice
po_000520_inv_2,invoice
po_000521,purchase_order
po_000521_item_1,item
po_000521_item_2,item
po_000521_item_3,item
po_000521_gr_1,goods_receipt
po_000521_inv_1,invoice
po_000522,purchase_order
po_000522_item_1,item
po_000522_item_2,item
po_000522_gr_1,goods_receipt
po_000522_inv_1,invoice
po_000523,purchase_order
po_000523_item_1,item
po_000523_item_2,item
po_000523_item_3,item
po_000523_item_4,item
po_000523_item_5,item
po_000523_gr_1,goods_receipt
po_000523_inv_1,invoice
po_000524,purchase_order
po_000524_item_1,item
po_000524_item_2,item
po_000524_gr_1,goods_receipt
po_000524_inv_1,invoice
po_000525,purchase_order
po_000525_item_1,item
po_000525_item_2,item
po_000525_gr_1,goods_receipt
po_000525_inv_1,invoice
po_000526,purchase_order
po_000526_item_1,item
po_000526_item_2,item
po_000526_gr_1,goods_receipt
po_000526_inv_1,invoice
po_000527,purchase_order
po_000527_item_1,item
po_000527_item_2,item
po_000527_item_3,item
po_000527_item_4,item
po_000527_gr_1,goods_receipt
po_000527_inv_1,invoice
po_000528,purchase_order
po_000528_item_1,item
po_000528_gr_1,goods_receipt
po_000528_inv_1,invoice
po_000529,purchase_order
po_000529_item_1,item
po_000529_item_2,item
po_000529_item_3,item
po_000529_item_4,item
po_000529_item_5,item
po_000529_gr_1,goods_receipt
po_000529_inv_1,invoice
po_000530,purchase_order
po_000530_item_1,item
po_000530_item_2,item
po_000530_gr_1,goods_receipt
po_000530_inv_1,invoice
po_000531,purchase_order
po_000531_item_1,item
po_000531_gr_1,goods_receipt
po_000531_inv_1,invoice
po_000532,purchase_order
po_000532_item_1,item
po_000532_item_2,item
po_000532_item_3,item
po_000532_gr_1,goods_receipt
po_000532_inv_1,invoice
po_000533,purchase_order
po_000533_item_1,item
po_000533_item_2,item
po_000533_item_3,item
po_000533_gr_1,goods_receipt
po_000533_inv_1,invoice
po_000534,purchase_order
po_000534_item_1,item
po_000534_item_2,item
po_000534_item_3,item
po_000534_gr_1,goods_receipt
po_000534_inv_1,invoice
po_000534_inv_2,invoice
po_000535,purchase_order
po_000535_item_1,item
po_000535_item_2,item
po_000535_item_3,item
po_000535_item_4,item
po_000535_gr_1,goods_receipt
po_000535_gr_2,goods_receipt
po_000535_inv_1,invoice
po_000536,purchase_order
po_000536_item_1,item
po_000536_gr_1,goods_receipt
po_000536_inv_1,invoice
po_000537,purchase_order
po_000537_item_1,item
po_000537_item_2,item
po_000537_gr_1,goods_receipt
po_000537_gr_2,goods_receipt
po_000537_inv_1,invoice
po_000538,purchase_order
po_000538_item_1,item
po_000538_item_2,item
po_000538_item_3,item
po_000538_item_4,item
po_000538_item_5,item
po_000538_gr_1,goods_receipt
po_000538_inv_1,invoice
po_000539,purchase_order
po_000539_item_1,item
po_000539_item_2,item
po_000539_gr_1,goods_receipt
po_000539_gr_2,goods_receipt
po_000539_inv_1,invoice
po_000540,purchase_order
po_000540_item_1,item
po_000540_item_2,item
po_000540_item_3,item
po_000540_item_4,item
po_000540_item_5,item
po_000540_gr_1,goods_receipt
po_000540_inv_1,invoice
po_000541,purchase_order
po_000541_item_1,item
po_000541_item_2,item
po_000541_gr_1,goods_receipt
po_000541_inv_1,invoice
po_000542,purchase_order
po_000542_item_1,item
po_000542_item_2,item
po_000542_gr_1,goods_receipt
po_000542_inv_1,invoice
po_000543,purchase_order
po_000543_item_1,item
po_000543_item_2,item
po_000543_item_3,item
po_000543_item_4,item
po_000543_item_5,item
po_000543_gr_1,goods_receipt
po_000543_inv_1,invoice
po_000543_inv_2,invoice
po_000544,purchase_order
po_000544_item_1,item
po_000544_item_2,item
po_000544_item_3,item
po_000544_gr_1,goods_receipt
po_000544_inv_1,invoice
po_000545,purchase_order
po_000545_item_1,item
po_000545_item_2,item
po_000545_gr_1,goods_receipt
po_000545_inv_1,invoice
po_000546,purchase_order
po_000546_item_1,item
po_000546_item_2,item
po_000546_item_3,item
po_000546_item_4,item
po_000546_item_5,item
po_000546_gr_1,goods_receipt
po_000546_inv_1,invoice
po_000546_inv_2,invoice
po_000547,purchase_order
po_000547_item_1,item
po_000547_gr_1,goods_receipt
po_000547_inv_1,invoice
po_000548,purchase_order
po_000548_item_1,item
po_000548_item_2,item
po_000548_gr_1,goods_receipt
po_000548_gr_2,goods_receipt
po_000548_inv_1,invoice
po_000549,purchase_order
po_000549_item_1,item
po_000549_item_2,item
po_000549_gr_1,goods_receipt
po_000549_gr_2,goods_receipt
po_000549_inv_1,invoice
po_000549_inv_2,invoice
po_000550,purchase_order
po_000550_item_1,item
po_000550_item_2,item
po_000550_gr_1,goods_receipt
po_000550_inv_1,invoice
po_000551,purchase_order
po_000551_item_1,item
po_000551_item_2,item
po_000551_gr_1,goods_receipt
po_000551_gr_2,goods_receipt
po_000551_inv_1,invoice
po_000552,purchase_order
po_000552_item_1,item
po_000552_item_2,item
po_000552_item_3,item
po_000552_gr_1,goods_receipt
po_000552_inv_1,invoice
po_000553,purchase_order
po_000553_item_1,item
po_000553_item_2,item
po_000553_item_3,item
po_000553_item_4,item
po_000553_item_5,item
po_000553_gr_1,goods_receipt
po_000553_gr_2,goods_receipt
po_000553_inv_1,invoice
po_000554,purchase_order
po_000554_item_1,item
po_000554_item_2,item
po_000554_item_3,item
po_000554_item_4,item
po_000554_gr_1,goods_receipt
po_000554_inv_1,invoice
po_000555,purchase_order
po_000555_item_1,item
po_000555_item_2,item
po_000555_item_3,item
po_000555_item_4,item
po_000555_gr_1,goods_receipt
po_000555_inv_1,invoice
po_000555_inv_2,invoice
po_000556,purchase_order
po_000556_item_1,item
po_000556_item_2,item
po_000556_item_3,item
po_000556_item_4,item
po_000556_gr_1,goods_receipt
po_000556_inv_1,invoice
po_000557,purchase_order
po_000557_item_1,item
po_000557_item_2,item
po_000557_item_3,item
po_000557_gr_1,goods_receipt
po_000557_gr_2,goods_receipt
po_000557_inv_1,invoice
po_000558,purchase_order
po_000558_item_1,item
po_000558_gr_1,goods_receipt
po_000558_gr_2,goods_receipt
po_000558_inv_1,invoice
po_000558_inv_2,invoice
po_000559,purchase_order
po_000559_item_1,item
po_000559_gr_1,goods_receipt
po_000559_inv_1,invoice
po_000560,purchase_order
po_000560_item_1,item
po_000560_item_2,item
po_000560_gr_1,goods_receipt
po_000560_gr_2,goods_receipt
po_000560_inv_1,invoice
po_000561,purchase_order
po_000561_item_1,item
po_000561_item_2,item
po_000561_item_3,item
po_000561_gr_1,goods_receipt
po_000561_gr_2,goods_receipt
po_000561_inv_1,invoice
po_000561_inv_2,invoice
po_000562,purchase_order
po_000562_item_1,item
po_000562_item_2,item
po_000562_item_3,item
po_000562_gr_1,goods_receipt
po_000562_gr_2,goods_receipt
po_000562_inv_1,invoice
po_000563,purchase_order
po_000563_item_1,item
po_000563_item_2,item
po_000563_gr_1,goods_receipt
po_000563_inv_1,invoice
po_000564,purchase_order
po_000564_item_1,item
po_000564_item_2,item
po_000564_gr_1,goods_receipt
po_000564_gr_2,goods_receipt
po_000564_inv_1,invoice
po_000565,purchase_order
po_000565_item_1,item
po_000565_item_2,item
po_000565_gr_1,goods_receipt
po_000565_gr_2,goods_receipt
po_000565_inv_1,invoice
po_000566,purchase_order
po_000566_item_1,item
po_000566_item_2,item
po_000566_gr_1,goods_receipt
po_000566_inv_1,invoice
po_000567,purchase_order
po_000567_item_1,item
po_000567_gr_1,goods_receipt
po_000567_inv_1,invoice
po_000568,purchase_order
po_000568_item_1,item
po_000568_item_2,item
po_000568_item_3,item
po_000568_gr_1,goods_receipt
po_000568_inv_1,invoice
po_000569,purchase_order
po_000569_item_1,item
po_000569_item_2,item
po_000569_item_3,item
po_000569_item_4,item
po_000569_gr_1,goods_receipt
po_000569_inv_1,invoice
po_000569_inv_2,invoice
po_000570,purchase_order
po_000570_item_1,item
po_000570_gr_1,goods_receipt
po_000570_gr_2,goods_receipt
po_000570_inv_1,invoice
po_000571,purchase_order
po_000571_item_1,item
po_000571_item_2,item
po_000571_item_3,item
po_000571_item_4,item
po_000571_gr_1,goods_receipt
po_000571_inv_1,invoice
po_000572,purchase_order
po_000572_item_1,item
po_000572_item_2,item
po_000572_gr_1,goods_receipt
po_000572_inv_1,invoice
po_000573,purchase_order
po_000573_item_1,item
po_000573_gr_1,goods_receipt
po_000573_inv_1,invoice
po_000574,purchase_order
po_000574_item_1,item
po_000574_item_2,item
po_000574_item_3,item
po_000574_item_4,item
po_000574_gr_1,goods_receipt
po_000574_inv_1,invoice
po_000575,purchase_order
po_000575_item_1,item
po_000575_item_2,item
po_000575_item_3,item
po_000575_item_4,item
po_000575_item_5,item
po_000575_gr_1,goods_receipt
po_000575_inv_1,invoice
po_000576,purchase_order
po_000576_item_1,item
po_000576_item_2,item
po_000576_item_3,item
po_000576_gr_1,goods_receipt
po_000576_inv_1,invoice
po_000577,purchase_order
po_000577_item_1,item
po_000577_item_2,item
po_000577_gr_1,goods_receipt
po_000577_gr_2,goods_receipt
po_000577_inv_1,invoice
po_000577_inv_2,invoice
po_000578,purchase_order
po_000578_item_1,item
po_000578_item_2,item
po_000578_item_3,item
po_000578_item_4,item
po_000578_gr_1,goods_receipt
po_000578_inv_1,invoice
po_000579,purchase_order
po_000579_item_1,item
po_000579_item_2,item
po_000579_item_3,item
po_000579_item_4,item
po_000579_item_5,item
po_000579_gr_1,goods_receipt
po_000579_inv_1,invoice
po_000579_inv_2,invoice
po_000580,purchase_order
po_000580_item_1,item
po_000580_item_2,item
po_000580_item_3,item
po_000580_gr_1,goods_receipt
po_000580_inv_1,invoice
po_000580_inv_2,invoice
po_000581,purchase_order
po_000581_item_1,item
po_000581_gr_1,goods_receipt
po_000581_gr_2,goods_receipt
po_000581_inv_1,invoice
po_000581_inv_2,invoice
po_000582,purchase_order
po_000582_item_1,item
po_000582_item_2,item
po_000582_gr_1,goods_receipt
po_000582_inv_1,invoice
po_000583,purchase_order
po_000583_item_1,item
po_000583_gr_1,goods_receipt
po_000583_inv_1,invoice
po_000584,purchase_order
po_000584_item_1,item
po_000584_item_2,item
po_000584_item_3,item
po_000584_gr_1,goods_receipt
po_000584_inv_1,invoice
po_000585,purchase_order
po_000585_item_1,item
po_000585_item_2,item
po_000585_item_3,item
po_000585_item_4,item
po_000585_gr_1,goods_receipt
po_000585_inv_1,invoice
po_000585_inv_2,invoice
po_000586,purchase_order
po_000586_item_1,item
po_000586_item_2,item
po_000586_gr_1,goods_receipt
po_000586_inv_1,invoice
po_000587,purchase_order
po_000587_item_1,item
po_000587_item_2,item
po_000587_gr_1,goods_receipt
po_000587_gr_2,goods_receipt
po_000587_inv_1,invoice
po_000588,purchase_order
po_000588_item_1,item
po_000588_item_2,item
po_000588_item_3,item
po_000588_item_4,item
po_000588_gr_1,goods_receipt
po_000588_gr_2,goods_receipt
po_000588_inv_1,invoice
po_000589,purchase_order
po_000589_item_1,item
po_000589_item_2,item
po_000589_item_3,item
po_000589_item_4,item
po_000589_gr_1,goods_receipt
po_000589_inv_1,invoice
po_000590,purchase_order
po_000590_item_1,item
po_000590_item_2,item
po_000590_item_3,item
po_000590_item_4,item
po_000590_item_5,item
po_000590_gr_1,goods_receipt
po_000590_inv_1,invoice
po_000591,purchase_order
po_000591_item_1,item
po_000591_item_2,item
po_000591_item_3,item
po_000591_gr_1,goods_receipt
po_000591_inv_1,invoice
po_000592,purchase_order
po_000592_item_1,item
po_000592_item_2,item
po_000592_item_3,item
po_000592_item_4,item
po_000592_item_5,item
po_000592_gr_1,goods_receipt
po_000592_inv_1,invoice
po_000593,purchase_order
po_000593_item_1,item
po_000593_item_2,item
po_000593_item_3,item
po_000593_gr_1,goods_receipt
po_000593_inv_1,invoice
po_000594,purchase_order
po_000594_item_1,item
po_000594_item_2,item
po_000594_item_3,item
po_000594_item_4,item
po_000594_item_5,item
po_000594_gr_1,goods_receipt
po_000594_gr_2,goods_receipt
po_000594_inv_1,invoice
po_000595,purchase_order
po_000595_item_1,item
po_000595_item_2,item
po_000595_item_3,item
po_000595_item_4,item
po_000595_gr_1,goods_receipt
po_000595_inv_1,invoice
po_000596,purchase_order
po_000596_item_1,item
po_000596_item_2,item
po_000596_item_3,item
po_000596_gr_1,goods_receipt
po_000596_inv_1,invoice
po_000597,purchase_order
po_000597_item_1,item
po_000597_item_2,item
po_000597_gr_1,goods_receipt
po_000597_gr_2,goods_receipt
po_000597_inv_1,invoice
po_000598,purchase_order
po_000598_item_1,item
po_000598_item_2,item
po_000598_item_3,item
po_000598_item_4,item
po_000598_gr_1,goods_receipt
po_000598_gr_2,goods_receipt
po_000598_inv_1,invoice
po_000599,purchase_order
po_000599_item_1,item
po_000599_item_2,item
po_000599_item_3,item
po_000599_item_4,item
po_000599_gr_1,goods_receipt
po_000599_inv_1,invoice
po_000600,purchase_order
po_000600_item_1,item
po_000600_item_2,item
po_000600_item_3,item
po_000600_item_4,item
po_000600_gr_1,goods_receipt
po_000600_inv_1,invoice
po_000600_inv_2,invoice
po_000601,purchase_order
po_000601_item_1,item
po_000601_gr_1,goods_receipt
po_000601_gr_2,goods_receipt
po_000601_inv_1,invoice
po_000602,purchase_order
po_000602_item_1,item
po_000602_gr_1,goods_receipt
po_000602_gr_2,goods_receipt
po_000602_inv_1,invoice
po_000603,purchase_order
po_000603_item_1,item
po_000603_item_2,item
po_000603_item_3,item
po_000603_item_4,item
po_000603_item_5,item
po_000603_gr_1,goods_receipt
po_000603_inv_1,invoice
po_000604,purchase_order
po_000604_item_1,item
po_000604_item_2,item
po_000604_item_3,item
po_000604_item_4,item
po_000604_item_5,item
po_000604_gr_1,goods_receipt
po_000604_inv_1,invoice
po_000605,purchase_order
po_000605_item_1,item
po_000605_gr_1,goods_receipt
po_000605_inv_1,invoice
po_000606,purchase_order
po_000606_item_1,item
po_000606_item_2,item
po_000606_item_3,item
po_000606_gr_1,goods_receipt
po_000606_gr_2,goods_receipt
po_000606_inv_1,invoice
po_000607,purchase_order
po_000607_item_1,item
po_000607_item_2,item
po_000607_item_3,item
po_000607_gr_1,goods_receipt
po_000607_inv_1,invoice
po_000607_inv_2,invoice
po_000608,purchase_order
po_000608_item_1,item
po_000608_gr_1,goods_receipt
po_000608_inv_1,invoice
po_000609,purchase_order
po_000609_item_1,item
po_000609_item_2,item
po_000609_item_3,item
po_000609_gr_1,goods_receipt
po_000609_inv_1,invoice
po_000610,purchase_order
po_000610_item_1,item
po_000610_item_2,item
po_000610_item_3,item
po_000610_item_4,item
po_000610_item_5,item
po_000610_gr_1,goods_receipt
po_000610_inv_1,invoice
po_000610_inv_2,invoice
po_000611,purchase_order
po_000611_item_1,item
po_000611_item_2,item
po_000611_item_3,item
po_000611_gr_1,goods_receipt
po_000611_inv_1,invoice
po_000612,purchase_order
po_000612_item_1,item
po_000612_gr_1,goods_receipt
po_000612_inv_1,invoice
po_000613,purchase_order
po_000613_item_1,item
po_000613_item_2,item
po_000613_item_3,item
po_000613_item_4,item
po_000613_item_5,item
po_000613_gr_1,goods_receipt
po_000613_inv_1,invoice
po_000614,purchase_order
po_000614_item_1,item
po_000614_item_2,item
po_000614_item_3,item
po_000614_item_4,item
po_000614_item_5,item
po_000614_gr_1,goods_receipt
po_000614_inv_1,invoice
po_000615,purchase_order
po_000615_item_1,item
po_000615_item_2,item
po_000615_item_3,item
po_000615_item_4,item
po_000615_item_5,item
po_000615_gr_1,goods_receipt
po_000615_inv_1,invoice
po_000615_inv_2,invoice
po_000616,purchase_order
po_000616_item_1,item
po_000616_item_2,item
po_000616_item_3,item
po_000616_gr_1,goods_receipt
po_000616_gr_2,goods_receipt
po_000616_inv_1,invoice
po_000617,purchase_order
po_000617_item_1,item
po_000617_item_2,item
po_000617_gr_1,goods_receipt
po_000617_inv_1,invoice
po_000618,purchase_order
po_000618_item_1,item
po_000618_gr_1,goods_receipt
po_000618_gr_2,goods_receipt
po_000618_inv_1,invoice
po_000619,purchase_order
po_000619_item_1,item
po_000619_gr_1,goods_receipt
po_000619_inv_1,invoice
po_000620,purchase_order
po_000620_item_1,item
po_000620_item_2,item
po_000620_item_3,item
po_000620_gr_1,goods_receipt
po_000620_gr_2,goods_receipt
po_000620_inv_1,invoice
po_000621,purchase_order
po_000621_item_1,item
po_000621_item_2,item
po_000621_item_3,item
po_000621_item_4,item
po_000621_gr_1,goods_receipt
po_000621_inv_1,invoice
po_000622,purchase_order
po_000622_item_1,item
po_000622_item_2,item
po_000622_item_3,item
po_000622_item_4,item
po_000622_item_5,item
po_000622_gr_1,goods_receipt
po_000622_inv_1,invoice
po_000623,purchase_order
po_000623_item_1,item
po_000623_item_2,item
po_000623_item_3,item
po_000623_item_4,item
po_000623_gr_1,goods_receipt
po_000623_inv_1,invoice
po_000624,purchase_order
po_000624_item_1,item
po_000624_gr_1,goods_receipt
po_000624_inv_1,invoice
po_000625,purchase_order
po_000625_item_1,item
po_000625_gr_1,goods_receipt
po_000625_gr_2,goods_receipt
po_000625_inv_1,invoice
po_000626,purchase_order
po_000626_item_1,item
po_000626_item_2,item
po_000626_item_3,item
po_000626_item_4,item
po_000626_gr_1,goods_receipt
po_000626_gr_2,goods_receipt
po_000626_inv_1,invoice
po_000627,purchase_order
po_000627_item_1,item
po_000627_item_2,item
po_000627_item_3,item
po_000627_item_4,item
po_000627_gr_1,goods_receipt
po_000627_inv_1,invoice
po_000628,purchase_order
po_000628_item_1,item
po_000628_item_2,item
po_000628_item_3,item
po_000628_gr_1,goods_receipt
po_000628_gr_2,goods_receipt
po_000628_inv_1,invoice
po_000629,purchase_order
po_000629_item_1,item
po_000629_gr_1,goods_receipt
po_000629_inv_1,invoice
po_000630,purchase_order
po_000630_item_1,item
po_000630_item_2,item
po_000630_item_3,item
po_000630_item_4,item
po_000630_item_5,item
po_000630_gr_1,goods_receipt
po_000630_inv_1,invoice
po_000631,purchase_order
po_000631_item_1,item
po_000631_item_2,item
po_000631_item_3,item
po_000631_gr_1,goods_receipt
po_000631_inv_1,invoice
po_000631_inv_2,invoice
po_000632,purchase_order
po_000632_item_1,item
po_000632_gr_1,goods_receipt
po_000632_inv_1,invoice
po_000633,purchase_order
po_000633_item_1,item
po_000633_item_2,item
po_000633_item_3,item
po_000633_item_4,item
po_000633_item_5,item
po_000633_gr_1,goods_receipt
po_000633_gr_2,goods_receipt
po_000633_inv_1,invoice
po_000634,purchase_order
po_000634_item_1,item
po_000634_item_2,item
po_000634_gr_1,goods_receipt
po_000634_inv_1,invoice
po_000635,purchase_order
po_000635_item_1,item
po_000635_item_2,item
po_000635_item_3,item
po_000635_gr_1,goods_receipt
po_000635_inv_1,invoice
po_000636,purchase_order
po_000636_item_1,item
po_000636_item_2,item
po_000636_gr_1,goods_receipt
po_000636_inv_1,invoice
po_000637,purchase_order
po_000637_item_1,item
po_000637_item_2,item
po_000637_item_3,item
po_000637_item_4,item
po_000637_item_5,item
po_000637_gr_1,goods_receipt
po_000637_inv_1,invoice
po_000638,purchase_order
po_000638_item_1,item
po_000638_gr_1,goods_receipt
po_000638_inv_1,invoice
po_000639,purchase_order
po_000639_item_1,item
po_000639_gr_1,goods_receipt
po_000639_inv_1,invoice
po_000640,purchase_order
po_000640_item_1,item
po_000640_item_2,item
po_000640_item_3,item
po_000640_item_4,item
po_000640_item_5,item
po_000640_gr_1,goods_receipt
po_000640_inv_1,invoice
po_000641,purchase_order
po_000641_item_1,item
po_000641_item_2,item
po_000641_item_3,item
po_000641_item_4,item
po_000641_gr_1,goods_receipt
po_000641_inv_1,invoice
po_000642,purchase_order
po_000642_item_1,item
po_000642_item_2,item
po_000642_item_3,item
po_000642_item_4,item
po_000642_item_5,item
po_000642_gr_1,goods_receipt
po_000642_inv_1,invoice
po_000643,purchase_order
po_000643_item_1,item
po_000643_gr_1,goods_receipt
po_000643_inv_1,invoice
po_000643_inv_2,invoice
po_000644,purchase_order
po_000644_item_1,item
po_000644_item_2,item
po_000644_gr_1,goods_receipt
po_000644_inv_1,invoice
po_000644_inv_2,invoice
po_000645,purchase_order
po_000645_item_1,item
po_000645_gr_1,goods_receipt
po_000645_inv_1,invoice
po_000646,purchase_order
po_000646_item_1,item
po_000646_item_2,item
po_000646_item_3,item
po_000646_item_4,item
po_000646_item_5,item
po_000646_gr_1,goods_receipt
po_000646_inv_1,invoice
po_000647,purchase_order
po_000647_item_1,item
po_000647_gr_1,goods_receipt
po_000647_inv_1,invoice
po_000648,purchase_order
po_000648_item_1,item
po_000648_gr_1,goods_receipt
po_000648_inv_1,invoice
po_000648_inv_2,invoice
po_000649,purchase_order
po_000649_item_1,item
po_000649_item_2,item
po_000649_item_3,item
po_000649_item_4,item
po_000649_item_5,item
po_000649_gr_1,goods_receipt
po_000649_inv_1,invoice
po_000650,purchase_order
po_000650_item_1,item
po_000650_gr_1,goods_receipt
po_000650_inv_1,invoice
po_000650_inv_2,invoice
po_000651,purchase_order
po_000651_item_1,item
po_000651_item_2,item
po_000651_item_3,item
po_000651_item_4,item
po_000651_gr_1,goods_receipt
po_000651_inv_1,invoice
po_000652,purchase_order
po_000652_item_1,item
po_000652_gr_1,goods_receipt
po_000652_gr_2,goods_receipt
po_000652_inv_1,invoice
po_000653,purchase_order
po_000653_item_1,item
po_000653_gr_1,goods_receipt
po_000653_inv_1,invoice
po_000654,purchase_order
po_000654_item_1,item
po_000654_item_2,item
po_000654_gr_1,goods_receipt
po_000654_inv_1,invoice
po_000654_inv_2,invoice
po_000655,purchase_order
po_000655_item_1,item
po_000655_item_2,item
po_000655_item_3,item
po_000655_item_4,item
po_000655_gr_1,goods_receipt
po_000655_inv_1,invoice
po_000656,purchase_order
po_000656_item_1,item
po_000656_item_2,item
po_000656_item_3,item
po_000656_gr_1,goods_receipt
po_000656_inv_1,invoice
po_000657,purchase_order
po_000657_item_1,item
po_000657_item_2,item
po_000657_gr_1,goods_receipt
po_000657_inv_1,invoice
po_000658,purchase_order
po_000658_item_1,item
po_000658_item_2,item
po_000658_item_3,item
po_000658_gr_1,goods_receipt
po_000658_gr_2,goods_receipt
po_000658_inv_1,invoice
po_000658_inv_2,invoice
po_000659,purchase_order
po_000659_item_1,item
po_000659_item_2,item
po_000659_item_3,item
po_000659_item_4,item
po_000659_item_5,item
po_000659_gr_1,goods_receipt
po_000659_inv_1,invoice
po_000660,purchase_order
po_000660_item_1,item
po_000660_item_2,item
po_000660_item_3,item
po_000660_gr_1,goods_receipt
po_000660_inv_1,invoice
po_000661,purchase_order
po_000661_item_1,item
po_000661_gr_1,goods_receipt
po_000661_inv_1,invoice
po_000662,purchase_order
po_000662_item_1,item
po_000662_item_2,item
po_000662_item_3,item
po_000662_item_4,item
po_000662_item_5,item
po_000662_gr_1,goods_receipt
po_000662_gr_2,goods_receipt
po_000662_inv_1,invoice
po_000663,purchase_order
po_000663_item_1,item
po_000663_item_2,item
po_000663_item_3,item
po_000663_item_4,item
po_000663_gr_1,goods_receipt
po_000663_inv_1,invoice
po_000664,purchase_order
po_000664_item_1,item
po_000664_item_2,item
po_000664_item_3,item
po_000664_gr_1,goods_receipt
po_000664_inv_1,invoice
po_000665,purchase_order
po_000665_item_1,item
po_000665_item_2,item
po_000665_item_3,item
po_000665_item_4,item
po_000665_gr_1,goods_receipt
po_000665_inv_1,invoice
po_000666,purchase_order
po_000666_item_1,item
po_000666_item_2,item
po_000666_item_3,item
po_000666_gr_1,goods_receipt
po_000666_inv_1,invoice
po_000666_inv_2,invoice
po_000667,purchase_order
po_000667_item_1,item
po_000667_gr_1,goods_receipt
po_000667_gr_2,goods_receipt
po_000667_inv_1,invoice
po_000668,purchase_order
po_000668_item_1,item
po_000668_item_2,item
po_000668_gr_1,goods_receipt
po_000668_gr_2,goods_receipt
po_000668_inv_1,invoice
po_000669,purchase_order
po_000669_item_1,item
po_000669_item_2,item
po_000669_item_3,item
po_000669_item_4,item
po_000669_item_5,item
po_000669_gr_1,goods_receipt
po_000669_inv_1,invoice
po_000669_inv_2,invoice
po_000670,purchase_order
po_000670_item_1,item
po_000670_item_2,item
po_000670_item_3,item
po_000670_item_4,item
po_000670_gr_1,goods_receipt
po_000670_inv_1,invoice
po_000671,purchase_order
po_000671_item_1,item
po_000671_item_2,item
po_000671_item_3,item
po_000671_gr_1,goods_receipt
po_000671_gr_2,goods_receipt
po_000671_inv_1,invoice
po_000672,purchase_order
po_000672_item_1,item
po_000672_gr_1,goods_receipt
po_000672_inv_1,invoice
po_000673,purchase_order
po_000673_item_1,item
po_000673_item_2,item
po_000673_item_3,item
po_000673_item_4,item
po_000673_gr_1,goods_receipt
po_000673_inv_1,invoice
po_000674,purchase_order
po_000674_item_1,item
po_000674_gr_1,goods_receipt
po_000674_gr_2,goods_receipt
po_000674_inv_1,invoice
po_000675,purchase_order
po_000675_item_1,item
po_000675_item_2,item
po_000675_item_3,item
po_000675_item_4,item
po_000675_item_5,item
po_000675_gr_1,goods_receipt
po_000675_gr_2,goods_receipt
po_000675_inv_1,invoice
po_000676,purchase_order
po_000676_item_1,item
po_000676_item_2,item
po_000676_item_3,item
po_000676_item_4,item
po_000676_item_5,item
po_000676_gr_1,goods_receipt
po_000676_gr_2,goods_receipt
po_000676_inv_1,invoice
po_000677,purchase_order
po_000677_item_1,item
po_000677_item_2,item
po_000677_item_3,item
po_000677_item_4,item
po_000677_item_5,item
po_000677_gr_1,goods_receipt
po_000677_inv_1,invoice
po_000678,purchase_order
po_000678_item_1,item
po_000678_item_2,item
po_000678_item_3,item
po_000678_item_4,item
po_000678_gr_1,goods_receipt
po_000678_inv_1,invoice
po_000678_inv_2,invoice
po_000679,purchase_order
po_000679_item_1,item
po_000679_item_2,item
po_000679_gr_1,goods_receipt
po_000679_gr_2,goods_receipt
po_000679_inv_1,invoice
po_000680,purchase_order
po_000680_item_1,item
po_000680_item_2,item
po_000680_item_3,item
po_000680_gr_1,goods_receipt
po_000680_inv_1,invoice
po_000681,purchase_order
po_000681_item_1,item
po_000681_item_2,item
po_000681_item_3,item
po_000681_gr_1,goods_receipt
po_000681_inv_1,invoice
po_000682,purchase_order
po_000682_item_1,item
po_000682_item_2,item
po_000682_item_3,item
po_000682_item_4,item
po_000682_gr_1,goods_receipt
po_000682_inv_1,invoice
po_000683,purchase_order
po_000683_item_1,item
po_000683_item_2,item
po_000683_item_3,item
po_000683_gr_1,goods_receipt
po_000683_inv_1,invoice
po_000683_inv_2,invoice
po_000684,purchase_order
po_000684_item_1,item
po_000684_item_2,item
po_000684_item_3,item
po_000684_item_4,item
po_000684_item_5,item
po_000684_gr_1,goods_receipt
po_000684_inv_1,invoice
po_000685,purchase_order
po_000685_item_1,item
po_000685_gr_1,goods_receipt
po_000685_inv_1,invoice
po_000686,purchase_order
po_000686_item_1,item
po_000686_gr_1,goods_receipt
po_000686_inv_1,invoice
po_000687,purchase_order
po_000687_item_1,item
po_000687_gr_1,goods_receipt
po_000687_inv_1,invoice
po_000688,purchase_order
po_000688_item_1,item
po_000688_item_2,item
po_000688_gr_1,goods_receipt
po_000688_inv_1,invoice
po_000689,purchase_order
po_000689_item_1,item
po_000689_item_2,item
po_000689_gr_1,goods_receipt
po_000689_inv_1,invoice
po_000690,purchase_order
po_000690_item_1,item
po_000690_item_2,item
po_000690_item_3,item
po_000690_item_4,item
po_000690_item_5,item
po_000690_gr_1,goods_receipt
po_000690_gr_2,goods_receipt
po_000690_inv_1,invoice
po_000691,purchase_order
po_000691_item_1,item
po_000691_item_2,item
po_000691_item_3,item
po_000691_gr_1,goods_receipt
po_000691_inv_1,invoice
po_000692,purchase_order
po_000692_item_1,item
po_000692_gr_1,goods_receipt
po_000692_inv_1,invoice
po_000693,purchase_order
po_000693_item_1,item
po_000693_item_2,item
po_000693_item_3,item
po_000693_item_4,item
po_000693_item_5,item
po_000693_gr_1,goods_receipt
po_000693_inv_1,invoice
po_000694,purchase_order
po_000694_item_1,item
po_000694_item_2,item
po_000694_item_3,item
po_000694_item_4,item
po_000694_gr_1,goods_receipt
po_000694_inv_1,invoice
po_000695,purchase_order
po_000695_item_1,item
po_000695_item_2,item
po_000695_gr_1,goods_receipt
po_000695_gr_2,goods_receipt
po_000695_inv_1,invoice
po_000696,purchase_order
po_000696_item_1,item
po_000696_gr_1,goods_receipt
po_000696_inv_1,invoice
po_000697,purchase_order
po_000697_item_1,item
po_000697_item_2,item
po_000697_item_3,item
po_000697_item_4,item
po_000697_gr_1,goods_receipt
po_000697_inv_1,invoice
po_000698,purchase_order
po_000698_item_1,item
po_000698_item_2,item
po_000698_item_3,item
po_000698_gr_1,goods_receipt
po_000698_inv_1,invoice
po_000699,purchase_order
po_000699_item_1,item
po_000699_item_2,item
po_000699_item_3,item
po_000699_item_4,item
po_000699_gr_1,goods_receipt
po_000699_inv_1,invoice
po_000700,purchase_order
po_000700_item_1,item
po_000700_item_2,item
po_000700_item_3,item
po_000700_item_4,item
po_000700_gr_1,goods_receipt
po_000700_inv_1,invoice
po_000701,purchase_order
po_000701_item_1,item
po_000701_item_2,item
po_000701_item_3,item
po_000701_item_4,item
po_000701_gr_1,goods_receipt
po_000701_inv_1,invoice
po_000702,purchase_order
po_000702_item_1,item
po_000702_item_2,item
po_000702_item_3,item
po_000702_gr_1,goods_receipt
po_000702_inv_1,invoice
po_000703,purchase_order
po_000703_item_1,item
po_000703_item_2,item
po_000703_item_3,item
po_000703_gr_1,goods_receipt
po_000703_inv_1,invoice
po_000704,purchase_order
po_000704_item_1,item
po_000704_item_2,item
po_000704_gr_1,goods_receipt
po_000704_inv_1,invoice
po_000705,purchase_order
po_000705_item_1,item
po_000705_gr_1,goods_receipt
po_000705_inv_1,invoice
po_000706,purchase_order
po_000706_item_1,item
po_000706_item_2,item
po_000706_item_3,item
po_000706_gr_1,goods_receipt
po_000706_inv_1,invoice
po_000707,purchase_order
po_000707_item_1,item
po_000707_item_2,item
po_000707_item_3,item
po_000707_item_4,item
po_000707_gr_1,goods_receipt
po_000707_inv_1,invoice
po_000707_inv_2,invoice
po_000708,purchase_order
po_000708_item_1,item
po_000708_item_2,item
po_000708_item_3,item
po_000708_item_4,item
po_000708_item_5,item
po_000708_gr_1,goods_receipt
po_000708_inv_1,invoice
po_000709,purchase_order
po_000709_item_1,item
po_000709_item_2,item
po_000709_gr_1,goods_receipt
po_000709_inv_1,invoice
po_000710,purchase_order
po_000710_item_1,item
po_000710_item_2,item
po_000710_item_3,item
po_000710_gr_1,goods_receipt
po_000710_inv_1,invoice
po_000711,purchase_order
po_000711_item_1,item
po_000711_item_2,item
po_000711_item_3,item
po_000711_item_4,item
po_000711_gr_1,goods_receipt
po_000711_inv_1,invoice
po_000711_inv_2,invoice
po_000712,purchase_order
po_000712_item_1,item
po_000712_item_2,item
po_000712_item_3,item
po_000712_gr_1,goods_receipt
po_000712_inv_1,invoice
po_000713,purchase_order
po_000713_item_1,item
po_000713_item_2,item
po_000713_item_3,item
po_000713_item_4,item
po_000713_gr_1,goods_receipt
po_000713_inv_1,invoice
po_000714,purchase_order
po_000714_item_1,item
po_000714_item_2,item
po_000714_gr_1,goods_receipt
po_000714_inv_1,invoice
po_000715,purchase_order
po_000715_item_1,item
po_000715_item_2,item
po_000715_item_3,item
po_000715_item_4,item
po_000715_item_5,item
po_000715_gr_1,goods_receipt
po_000715_inv_1,invoice
po_000716,purchase_order
po_000716_item_1,item
po_000716_item_2,item
po_000716_item_3,item
po_000716_item_4,item
po_000716_gr_1,goods_receipt
po_000716_inv_1,invoice
po_000717,purchase_order
po_000717_item_1,item
po_000717_gr_1,goods_receipt
po_000717_inv_1,invoice
po_000718,purchase_order
po_000718_item_1,item
po_000718_gr_1,goods_receipt
po_000718_inv_1,invoice
po_000719,purchase_order
po_000719_item_1,item
po_000719_item_2,item
po_000719_gr_1,goods_receipt
po_000719_inv_1,invoice
po_000720,purchase_order
po_000720_item_1,item
po_000720_item_2,item
po_000720_item_3,item
po_000720_gr_1,goods_receipt
po_000720_inv_1,invoice
po_000721,purchase_order
po_000721_item_1,item
po_000721_item_2,item
po_000721_item_3,item
po_000721_item_4,item
po_000721_item_5,item
po_000721_gr_1,goods_receipt
po_000721_inv_1,invoice
po_000722,purchase_order
po_000722_item_1,item
po_000722_item_2,item
po_000722_gr_1,goods_receipt
po_000722_inv_1,invoice
po_000723,purchase_order
po_000723_item_1,item
po_000723_item_2,item
po_000723_item_3,item
po_000723_gr_1,goods_receipt
po_000723_inv_1,invoice
po_000724,purchase_order
po_000724_item_1,item
po_000724_item_2,item
po_000724_gr_1,goods_receipt
po_000724_inv_1,invoice
po_000725,purchase_order
po_000725_item_1,item
po_000725_item_2,item
po_000725_item_3,item
po_000725_item_4,item
po_000725_gr_1,goods_receipt
po_000725_inv_1,invoice
po_000726,purchase_order
po_000726_item_1,item
po_000726_item_2,item
po_000726_gr_1,goods_receipt
po_000726_inv_1,invoice
po_000727,purchase_order
po_000727_item_1,item
po_000727_item_2,item
po_000727_item_3,item
po_000727_gr_1,goods_receipt
po_000727_inv_1,invoice
po_000728,purchase_order
po_000728_item_1,item
po_000728_item_2,item
po_000728_item_3,item
po_000728_item_4,item
po_000728_gr_1,goods_receipt
po_000728_inv_1,invoice
po_000729,purchase_order
po_000729_item_1,item
po_000729_gr_1,goods_receipt
po_000729_inv_1,invoice
po_000730,purchase_order
po_000730_item_1,item
po_000730_item_2,item
po_000730_item_3,item
po_000730_item_4,item
po_000730_item_5,item
po_000730_gr_1,goods_receipt
po_000730_inv_1,invoice
po_000731,purchase_order
po_000731_item_1,item
po_000731_gr_1,goods_receipt
po_000731_inv_1,invoice
po_000731_inv_2,invoice
po_000732,purchase_order
po_000732_item_1,item
po_000732_item_2,item
po_000732_item_3,item
po_000732_item_4,item
po_000732_item_5,item
po_000732_gr_1,goods_receipt
po_000732_inv_1,invoice
po_000733,purchase_order
po_000733_item_1,item
po_000733_item_2,item
po_000733_item_3,item
po_000733_gr_1,goods_receipt
po_000733_gr_2,goods_receipt
po_000733_inv_1,invoice
po_000734,purchase_order
po_000734_item_1,item
po_000734_item_2,item
po_000734_item_3,item
po_000734_gr_1,goods_receipt
po_000734_inv_1,invoice
po_000735,purchase_order
po_000735_item_1,item
po_000735_item_2,item
po_000735_item_3,item
po_000735_item_4,item
po_000735_item_5,item
po_000735_gr_1,goods_receipt
po_000735_inv_1,invoice
po_000736,purchase_order
po_000736_item_1,item
po_000736_item_2,item
po_000736_gr_1,goods_receipt
po_000736_gr_2,goods_receipt
po_000736_inv_1,invoice
po_000737,purchase_order
po_000737_item_1,item
po_000737_item_2,item
po_000737_item_3,item
po_000737_item_4,item
po_000737_item_5,item
po_000737_gr_1,goods_receipt
po_000737_inv_1,invoice
po_000738,purchase_order
po_000738_item_1,item
po_000738_item_2,item
po_000738_item_3,item
po_000738_item_4,item
po_000738_gr_1,goods_receipt
po_000738_inv_1,invoice
po_000739,purchase_order
po_000739_item_1,item
po_000739_item_2,item
po_000739_item_3,item
po_000739_item_4,item
po_000739_gr_1,goods_receipt
po_000739_inv_1,invoice
po_000740,purchase_order
po_000740_item_1,item
po_000740_gr_1,goods_receipt
po_000740_inv_1,invoice
po_000740_inv_2,invoice
po_000741,purchase_order
po_000741_item_1,item
po_000741_item_2,item
po_000741_item_3,item
po_000741_item_4,item
po_000741_gr_1,goods_receipt
po_000741_inv_1,invoice
po_000741_inv_2,invoice
po_000742,purchase_order
po_000742_item_1,item
po_000742_item_2,item
po_000742_item_3,item
po_000742_item_4,item
po_000742_item_5,item
po_000742_gr_1,goods_receipt
po_000742_gr_2,goods_receipt
po_000742_inv_1,invoice
po_000743,purchase_order
po_000743_item_1,item
po_000743_item_2,item
po_000743_gr_1,goods_receipt
po_000743_inv_1,invoice
po_000744,purchase_order
po_000744_item_1,item
po_000744_item_2,item
po_000744_item_3,item
po_000744_item_4,item
po_000744_gr_1,goods_receipt
po_000744_inv_1,invoice
po_000745,purchase_order
po_000745_item_1,item
po_000745_item_2,item
po_000745_gr_1,goods_receipt
po_000745_inv_1,invoice
po_000746,purchase_order
po_000746_item_1,item
po_000746_item_2,item
po_000746_item_3,item
po_000746_gr_1,goods_receipt
po_000746_inv_1,invoice
po_000747,purchase_order
po_000747_item_1,item
po_000747_item_2,item
po_000747_gr_1,goods_receipt
po_000747_inv_1,invoice
po_000748,purchase_order
po_000748_item_1,item
po_000748_item_2,item
po_000748_item_3,item
po_000748_gr_1,goods_receipt
po_000748_inv_1,invoice
po_000748_inv_2,invoice
po_000749,purchase_order
po_000749_item_1,item
po_000749_gr_1,goods_receipt
po_000749_gr_2,goods_receipt
po_000749_inv_1,invoice
po_000750,purchase_order
po_000750_item_1,item
po_000750_item_2,item
po_000750_item_3,item
po_000750_item_4,item
po_000750_item_5,item
po_000750_gr_1,goods_receipt
po_000750_inv_1,invoice
po_000751,purchase_order
po_000751_item_1,item
po_000751_gr_1,goods_receipt
po_000751_inv_1,invoice
po_000752,purchase_order
po_000752_item_1,item
po_000752_item_2,item
po_000752_gr_1,goods_receipt
po_000752_inv_1,invoice
po_000753,purchase_order
po_000753_item_1,item
po_000753_item_2,item
po_000753_item_3,item
po_000753_gr_1,goods_receipt
po_000753_gr_2,goods_receipt
po_000753_inv_1,invoice
po_000754,purchase_order
po_000754_item_1,item
po_000754_item_2,item
po_000754_item_3,item
po_000754_gr_1,goods_receipt
po_000754_inv_1,invoice
po_000755,purchase_order
po_000755_item_1,item
po_000755_gr_1,goods_receipt
po_000755_inv_1,invoice
po_000755_inv_2,invoice
po_000756,purchase_order
po_000756_item_1,item
po_000756_item_2,item
po_000756_gr_1,goods_receipt
po_000756_inv_1,invoice
po_000757,purchase_order
po_000757_item_1,item
po_000757_item_2,item
po_000757_item_3,item
po_000757_gr_1,goods_receipt
po_000757_inv_1,invoice
po_000758,purchase_order
po_000758_item_1,item
po_000758_item_2,item
po_000758_item_3,item
po_000758_item_4,item
po_000758_gr_1,goods_receipt
po_000758_inv_1,invoice
po_000759,purchase_order
po_000759_item_1,item
po_000759_gr_1,goods_receipt
po_000759_inv_1,invoice
po_000760,purchase_order
po_000760_item_1,item
po_000760_item_2,item
po_000760_item_3,item
po_000760_gr_1,goods_receipt
po_000760_inv_1,invoice
po_000761,purchase_order
po_000761_item_1,item
po_000761_item_2,item
po_000761_item_3,item
po_000761_item_4,item
po_000761_item_5,item
po_000761_gr_1,goods_receipt
po_000761_gr_2,goods_receipt
po_000761_inv_1,invoice
po_000762,purchase_order
po_000762_item_1,item
po_000762_item_2,item
po_000762_gr_1,goods_receipt
po_000762_inv_1,invoice
po_000762_inv_2,invoice
po_000763,purchase_order
po_000763_item_1,item
po_000763_item_2,item
po_000763_item_3,item
po_000763_gr_1,goods_receipt
po_000763_inv_1,invoice
po_000763_inv_2,invoice
po_000764,purchase_order
po_000764_item_1,item
po_000764_item_2,item
po_000764_item_3,item
po_000764_item_4,item
po_000764_item_5,item
po_000764_gr_1,goods_receipt
po_000764_inv_1,invoice
po_000765,purchase_order
po_000765_item_1,item
po_000765_item_2,item
po_000765_item_3,item
po_000765_item_4,item
po_000765_gr_1,goods_receipt
po_000765_gr_2,goods_receipt
po_000765_inv_1,invoice
po_000766,purchase_order
po_000766_item_1,item
po_000766_item_2,item
po_000766_gr_1,goods_receipt
po_000766_inv_1,invoice
po_000767,purchase_order
po_000767_item_1,item
po_000767_item_2,item
po_000767_item_3,item
po_000767_gr_1,goods_receipt
po_000767_inv_1,invoice
po_000768,purchase_order
po_000768_item_1,item
po_000768_item_2,item
po_000768_item_3,item
po_000768_gr_1,goods_receipt
po_000768_inv_1,invoice
po_000769,purchase_order
po_000769_item_1,item
po_000769_item_2,item
po_000769_item_3,item
po_000769_item_4,item
po_000769_gr_1,goods_receipt
po_000769_inv_1,invoice
po_000769_inv_2,invoice
po_000770,purchase_order
po_000770_item_1,item
po_000770_item_2,item
po_000770_gr_1,goods_receipt
po_000770_gr_2,goods_receipt
po_000770_inv_1,invoice
po_000770_inv_2,invoice
po_000771,purchase_order
po_000771_item_1,item
po_000771_item_2,item
po_000771_item_3,item
po_000771_item_4,item
po_000771_gr_1,goods_receipt
po_000771_inv_1,invoice
po_000772,purchase_order
po_000772_item_1,item
po_000772_item_2,item
po_000772_item_3,item
po_000772_item_4,item
po_000772_item_5,item
po_000772_gr_1,goods_receipt
po_000772_inv_1,invoice
po_000773,purchase_order
po_000773_item_1,item
po_000773_item_2,item
po_000773_item_3,item
po_000773_item_4,item
po_000773_gr_1,goods_receipt
po_000773_gr_2,goods_receipt
po_000773_inv_1,invoice
po_000774,purchase_order
po_000774_item_1,item
po_000774_gr_1,goods_receipt
po_000774_inv_1,invoice
po_000775,purchase_order
po_000775_item_1,item
po_000775_item_2,item
po_000775_gr_1,goods_receipt
po_000775_inv_1,invoice
po_000776,purchase_order
po_000776_item_1,item
po_000776_item_2,item
po_000776_item_3,item
po_000776_item_4,item
po_000776_item_5,item
po_000776_gr_1,goods_receipt
po_000776_gr_2,goods_receipt
po_000776_inv_1,invoice
po_000777,purchase_order
po_000777_item_1,item
po_000777_item_2,item
po_000777_item_3,item
po_000777_gr_1,goods_receipt
po_000777_inv_1,invoice
po_000778,purchase_order
po_000778_item_1,item
po_000778_item_2,item
po_000778_item_3,item
po_000778_gr_1,goods_receipt
po_000778_gr_2,goods_receipt
po_000778_inv_1,invoice
po_000779,purchase_order
po_000779_item_1,item
po_000779_item_2,item
po_000779_gr_1,goods_receipt
po_000779_inv_1,invoice
po_000780,purchase_order
po_000780_item_1,item
po_000780_item_2,item
po_000780_item_3,item
po_000780_item_4,item
po_000780_item_5,item
po_000780_gr_1,goods_receipt
po_000780_inv_1,invoice
po_000781,purchase_order
po_000781_item_1,item
po_000781_item_2,item
po_000781_gr_1,goods_receipt
po_000781_inv_1,invoice
po_000782,purchase_order
po_000782_item_1,item
po_000782_item_2,item
po_000782_gr_1,goods_receipt
po_000782_gr_2,goods_receipt
po_000782_inv_1,invoice
po_000782_inv_2,invoice
po_000783,purchase_order
po_000783_item_1,item
po_000783_item_2,item
po_000783_item_3,item
po_000783_gr_1,goods_receipt
po_000783_inv_1,invoice
po_000784,purchase_order
po_000784_item_1,item
po_000784_item_2,item
po_000784_item_3,item
po_000784_item_4,item
po_000784_gr_1,goods_receipt
po_000784_inv_1,invoice
po_000785,purchase_order
po_000785_item_1,item
po_000785_item_2,item
po_000785_item_3,item
po_000785_gr_1,goods_receipt
po_000785_inv_1,invoice
po_000786,purchase_order
po_000786_item_1,item
po_000786_item_2,item
po_000786_gr_1,goods_receipt
po_000786_inv_1,invoice
po_000787,purchase_order
po_000787_item_1,item
po_000787_item_2,item
po_000787_gr_1,goods_receipt
po_000787_inv_1,invoice
po_000787_inv_2,invoice
po_000788,purchase_order
po_000788_item_1,item
po_000788_item_2,item
po_000788_item_3,item
po_000788_item_4,item
po_000788_gr_1,goods_receipt
po_000788_gr_2,goods_receipt
po_000788_inv_1,invoice
po_000789,purchase_order
po_000789_item_1,item
po_000789_item_2,item
po_000789_item_3,item
po_000789_gr_1,goods_receipt
po_000789_gr_2,goods_receipt
po_000789_inv_1,invoice
po_000790,purchase_order
po_000790_item_1,item
po_000790_item_2,item
po_000790_gr_1,goods_receipt
po_000790_inv_1,invoice
po_000791,purchase_order
po_000791_item_1,item
po_000791_item_2,item
po_000791_item_3,item
po_000791_item_4,item
po_000791_item_5,item
po_000791_gr_1,goods_receipt
po_000791_inv_1,invoice
po_000792,purchase_order
po_000792_item_1,item
po_000792_item_2,item
po_000792_gr_1,goods_receipt
po_000792_gr_2,goods_receipt
po_000792_inv_1,invoice
po_000793,purchase_order
po_000793_item_1,item
po_000793_item_2,item
po_000793_item_3,item
po_000793_item_4,item
po_000793_gr_1,goods_receipt
po_000793_inv_1,invoice
po_000794,purchase_order
po_000794_item_1,item
po_000794_item_2,item
po_000794_item_3,item
po_000794_item_4,item
po_000794_item_5,item
po_000794_gr_1,goods_receipt
po_000794_inv_1,invoice
po_000795,purchase_order
po_000795_item_1,item
po_000795_item_2,item
po_000795_item_3,item
po_000795_item_4,item
po_000795_gr_1,goods_receipt
po_000795_inv_1,invoice
po_000795_inv_2,invoice
po_000796,purchase_order
po_000796_item_1,item
po_000796_item_2,item
po_000796_gr_1,goods_receipt
po_000796_inv_1,invoice
po_000796_inv_2,invoice
po_000797,purchase_order
po_000797_item_1,item
po_000797_item_2,item
po_000797_gr_1,goods_receipt
po_000797_inv_1,invoice
po_000798,purchase_order
po_000798_item_1,item
po_000798_item_2,item
po_000798_item_3,item
po_000798_item_4,item
po_000798_item_5,item
po_000798_gr_1,goods_receipt
po_000798_inv_1,invoice
po_000799,purchase_order
po_000799_item_1,item
po_000799_item_2,item
po_000799_gr_1,goods_receipt
po_000799_inv_1,invoice
po_000800,purchase_order
po_000800_item_1,item
po_000800_item_2,item
po_000800_item_3,item
po_000800_item_4,item
po_000800_item_5,item
po_000800_gr_1,goods_receipt
po_000800_inv_1,invoice
po_000800_inv_2,invoice
po_000801,purchase_order
po_000801_item_1,item
po_000801_gr_1,goods_receipt
po_000801_inv_1,invoice
po_000802,purchase_order
po_000802_item_1,item
po_000802_item_2,item
po_000802_item_3,item
po_000802_item_4,item
po_000802_item_5,item
po_000802_gr_1,goods_receipt
po_000802_inv_1,invoice
po_000802_inv_2,invoice
po_000803,purchase_order
po_000803_item_1,item
po_000803_gr_1,goods_receipt
po_000803_inv_1,invoice
po_000804,purchase_order
po_000804_item_1,item
po_000804_item_2,item
po_000804_gr_1,goods_receipt
po_000804_gr_2,goods_receipt
po_000804_inv_1,invoice
po_000805,purchase_order
po_000805_item_1,item
po_000805_item_2,item
po_000805_item_3,item
po_000805_item_4,item
po_000805_item_5,item
po_000805_gr_1,goods_receipt
po_000805_gr_2,goods_receipt
po_000805_inv_1,invoice
po_000806,purchase_order
po_000806_item_1,item
po_000806_gr_1,goods_receipt
po_000806_inv_1,invoice
po_000807,purchase_order
po_000807_item_1,item
po_000807_item_2,item
po_000807_item_3,item
po_000807_item_4,item
po_000807_gr_1,goods_receipt
po_000807_inv_1,invoice
po_000808,purchase_order
po_000808_item_1,item
po_000808_item_2,item
po_000808_item_3,item
po_000808_item_4,item
po_000808_gr_1,goods_receipt
po_000808_inv_1,invoice
po_000809,purchase_order
po_000809_item_1,item
po_000809_item_2,item
po_000809_item_3,item
po_000809_item_4,item
po_000809_item_5,item
po_000809_gr_1,goods_receipt
po_000809_gr_2,goods_receipt
po_000809_inv_1,invoice
po_000810,purchase_order
po_000810_item_1,item
po_000810_item_2,item
po_000810_gr_1,goods_receipt
po_000810_inv_1,invoice
po_000810_inv_2,invoice
po_000811,purchase_order
po_000811_item_1,item
po_000811_item_2,item
po_000811_item_3,item
po_000811_item_4,item
po_000811_item_5,item
po_000811_gr_1,goods_receipt
po_000811_inv_1,invoice
po_000812,purchase_order
po_000812_item_1,item
po_000812_item_2,item
po_000812_gr_1,goods_receipt
po_000812_gr_2,goods_receipt
po_000812_inv_1,invoice
po_000813,purchase_order
po_000813_item_1,item
po_000813_item_2,item
po_000813_item_3,item
po_000813_gr_1,goods_receipt
po_000813_inv_1,invoice
po_000814,purchase_order
po_000814_item_1,item
po_000814_gr_1,goods_receipt
po_000814_inv_1,invoice
po_000815,purchase_order
po_000815_item_1,item
po_000815_item_2,item
po_000815_item_3,item
po_000815_item_4,item
po_000815_gr_1,goods_receipt
po_000815_inv_1,invoice
po_000816,purchase_order
po_000816_item_1,item
po_000816_item_2,item
po_000816_gr_1,goods_receipt
po_000816_gr_2,goods_receipt
po_000816_inv_1,invoice
po_000817,purchase_order
po_000817_item_1,item
po_000817_gr_1,goods_receipt
po_000817_gr_2,goods_receipt
po_000817_inv_1,invoice
po_000818,purchase_order
po_000818_item_1,item
po_000818_gr_1,goods_receipt
po_000818_inv_1,invoice
po_000819,purchase_order
po_000819_item_1,item
po_000819_item_2,item
po_000819_item_3,item
po_000819_item_4,item
po_000819_item_5,item
po_000819_gr_1,goods_receipt
po_000819_inv_1,invoice
po_000820,purchase_order
po_000820_item_1,item
po_000820_item_2,item
po_000820_item_3,item
po_000820_gr_1,goods_receipt
po_000820_inv_1,invoice
po_000821,purchase_order
po_000821_item_1,item
po_000821_item_2,item
po_000821_gr_1,goods_receipt
po_000821_inv_1,invoice
po_000822,purchase_order
po_000822_item_1,item
po_000822_item_2,item
po_000822_item_3,item
po_000822_item_4,item
po_000822_gr_1,goods_receipt
po_000822_inv_1,invoice
po_000823,purchase_order
po_000823_item_1,item
po_000823_item_2,item
po_000823_item_3,item
po_000823_gr_1,goods_receipt
po_000823_inv_1,invoice
po_000824,purchase_order
po_000824_item_1,item
po_000824_item_2,item
po_000824_gr_1,goods_receipt
po_000824_inv_1,invoice
po_000825,purchase_order
po_000825_item_1,item
po_000825_gr_1,goods_receipt
po_000825_inv_1,invoice
po_000826,purchase_order
po_000826_item_1,item
po_000826_item_2,item
po_000826_item_3,item
po_000826_item_4,item
po_000826_item_5,item
po_000826_gr_1,goods_receipt
po_000826_inv_1,invoice
po_000827,purchase_order
po_000827_item_1,item
po_000827_gr_1,goods_receipt
po_000827_gr_2,goods_receipt
po_000827_inv_1,invoice
po_000828,purchase_order
po_000828_item_1,item
po_000828_gr_1,goods_receipt
po_000828_inv_1,invoice
po_000829,purchase_order
po_000829_item_1,item
po_000829_item_2,item
po_000829_gr_1,goods_receipt
po_000829_inv_1,invoice
po_000830,purchase_order
po_000830_item_1,item
po_000830_item_2,item
po_000830_item_3,item
po_000830_item_4,item
po_000830_item_5,item
po_000830_gr_1,goods_receipt
po_000830_inv_1,invoice
po_000831,purchase_order
po_000831_item_1,item
po_000831_item_2,item
po_000831_gr_1,goods_receipt
po_000831_inv_1,invoice
po_000832,purchase_order
po_000832_item_1,item
po_000832_item_2,item
po_000832_item_3,item
po_000832_item_4,item
po_000832_item_5,item
po_000832_gr_1,goods_receipt
po_000832_inv_1,invoice
po_000833,purchase_order
po_000833_item_1,item
po_000833_item_2,item
po_000833_item_3,item
po_000833_item_4,item
po_000833_gr_1,goods_receipt
po_000833_gr_2,goods_receipt
po_000833_inv_1,invoice
po_000834,purchase_order
po_000834_item_1,item
po_000834_item_2,item
po_000834_item_3,item
po_000834_gr_1,goods_receipt
po_000834_inv_1,invoice
po_000835,purchase_order
po_000835_item_1,item
po_000835_gr_1,goods_receipt
po_000835_inv_1,invoice
po_000836,purchase_order
po_000836_item_1,item
po_000836_item_2,item
po_000836_gr_1,goods_receipt
po_000836_inv_1,invoice
po_000837,purchase_order
po_000837_item_1,item
po_000837_gr_1,goods_receipt
po_000837_gr_2,goods_receipt
po_000837_inv_1,invoice
po_000837_inv_2,invoice
po_000838,purchase_order
po_000838_item_1,item
po_000838_item_2,item
po_000838_item_3,item
po_000838_item_4,item
po_000838_gr_1,goods_receipt
po_000838_gr_2,goods_receipt
po_000838_inv_1,invoice
po_000839,purchase_order
po_000839_item_1,item
po_000839_gr_1,goods_receipt
po_000839_inv_1,invoice
po_000839_inv_2,invoice
po_000840,purchase_order
po_000840_item_1,item
po_000840_item_2,item
po_000840_item_3,item
po_000840_item_4,item
po_000840_item_5,item
po_000840_gr_1,goods_receipt
po_000840_inv_1,invoice
po_000841,purchase_order
po_000841_item_1,item
po_000841_item_2,item
po_000841_item_3,item
po_000841_item_4,item
po_000841_item_5,item
po_000841_gr_1,goods_receipt
po_000841_inv_1,invoice
po_000842,purchase_order
po_000842_item_1,item
po_000842_item_2,item
po_000842_item_3,item
po_000842_gr_1,goods_receipt
po_000842_inv_1,invoice
po_000843,purchase_order
po_000843_item_1,item
po_000843_item_2,item
po_000843_item_3,item
po_000843_gr_1,goods_receipt
po_000843_inv_1,invoice
po_000843_inv_2,invoice
po_000844,purchase_order
po_000844_item_1,item
po_000844_item_2,item
po_000844_gr_1,goods_receipt
po_000844_gr_2,goods_receipt
po_000844_inv_1,invoice
po_000845,purchase_order
po_000845_item_1,item
po_000845_item_2,item
po_000845_gr_1,goods_receipt
po_000845_gr_2,goods_receipt
po_000845_inv_1,invoice
po_000846,purchase_order
po_000846_item_1,item
po_000846_item_2,item
po_000846_item_3,item
po_000846_item_4,item
po_000846_item_5,item
po_000846_gr_1,goods_receipt
po_000846_inv_1,invoice
po_000846_inv_2,invoice
po_000847,purchase_order
po_000847_item_1,item
po_000847_item_2,item
po_000847_item_3,item
po_000847_item_4,item
po_000847_gr_1,goods_receipt
po_000847_inv_1,invoice
po_000847_inv_2,invoice
po_000848,purchase_order
po_000848_item_1,item
po_000848_item_2,item
po_000848_item_3,item
po_000848_item_4,item
po_000848_item_5,item
po_000848_gr_1,goods_receipt
po_000848_inv_1,invoice
po_000849,purchase_order
po_000849_item_1,item
po_000849_item_2,item
po_000849_item_3,item
po_000849_item_4,item
po_000849_gr_1,goods_receipt
po_000849_inv_1,invoice
po_000850,purchase_order
po_000850_item_1,item
po_000850_item_2,item
po_000850_gr_1,goods_receipt
po_000850_inv_1,invoice
po_000850_inv_2,invoice
po_000851,purchase_order
po_000851_item_1,item
po_000851_gr_1,goods_receipt
po_000851_inv_1,invoice
po_000852,purchase_order
po_000852_item_1,item
po_000852_item_2,item
po_000852_item_3,item
po_000852_item_4,item
po_000852_gr_1,goods_receipt
po_000852_gr_2,goods_receipt
po_000852_inv_1,invoice
po_000853,purchase_order
po_000853_item_1,item
po_000853_item_2,item
po_000853_gr_1,goods_receipt
po_000853_inv_1,invoice
po_000854,purchase_order
po_000854_item_1,item
po_000854_item_2,item
po_000854_item_3,item
po_000854_gr_1,goods_receipt
po_000854_gr_2,goods_receipt
po_000854_inv_1,invoice
po_000855,purchase_order
po_000855_item_1,item
po_000855_item_2,item
po_000855_item_3,item
po_000855_item_4,item
po_000855_gr_1,goods_receipt
po_000855_inv_1,invoice
po_000856,purchase_order
po_000856_item_1,item
po_000856_item_2,item
po_000856_item_3,item
po_000856_item_4,item
po_000856_gr_1,goods_receipt
po_000856_inv_1,invoice
po_000857,purchase_order
po_000857_item_1,item
po_000857_item_2,item
po_000857_item_3,item
po_000857_item_4,item
po_000857_gr_1,goods_receipt
po_000857_inv_1,invoice
po_000858,purchase_order
po_000858_item_1,item
po_000858_gr_1,goods_receipt
po_000858_gr_2,goods_receipt
po_000858_inv_1,invoice
po_000859,purchase_order
po_000859_item_1,item
po_000859_item_2,item
po_000859_item_3,item
po_000859_item_4,item
po_000859_gr_1,goods_receipt
po_000859_inv_1,invoice
po_000860,purchase_order
po_000860_item_1,item
po_000860_item_2,item
po_000860_item_3,item
po_000860_item_4,item
po_000860_item_5,item
po_000860_gr_1,goods_receipt
po_000860_inv_1,invoice
po_000861,purchase_order
po_000861_item_1,item
po_000861_item_2,item
po_000861_item_3,item
po_000861_item_4,item
po_000861_gr_1,goods_receipt
po_000861_gr_2,goods_receipt
po_000861_inv_1,invoice
po_000862,purchase_order
po_000862_item_1,item
po_000862_item_2,item
po_000862_gr_1,goods_receipt
po_000862_inv_1,invoice
po_000863,purchase_order
po_000863_item_1,item
po_000863_item_2,item
po_000863_item_3,item
po_000863_item_4,item
po_000863_item_5,item
po_000863_gr_1,goods_receipt
po_000863_gr_2,goods_receipt
po_000863_inv_1,invoice
po_000864,purchase_order
po_000864_item_1,item
po_000864_item_2,item
po_000864_item_3,item
po_000864_item_4,item
po_000864_item_5,item
po_000864_gr_1,goods_receipt
po_000864_inv_1,invoice
po_000865,purchase_order
po_000865_item_1,item
po_000865_gr_1,goods_receipt
po_000865_inv_1,invoice
po_000866,purchase_order
po_000866_item_1,item
po_000866_item_2,item
po_000866_item_3,item
po_000866_gr_1,goods_receipt
po_000866_inv_1,invoice
po_000867,purchase_order
po_000867_item_1,item
po_000867_item_2,item
po_000867_item_3,item
po_000867_item_4,item
po_000867_gr_1,goods_receipt
po_000867_gr_2,goods_receipt
po_000867_inv_1,invoice
po_000868,purchase_order
po_000868_item_1,item
po_000868_item_2,item
po_000868_gr_1,goods_receipt
po_000868_inv_1,invoice
po_000868_inv_2,invoice
po_000869,purchase_order
po_000869_item_1,item
po_000869_item_2,item
po_000869_item_3,item
po_000869_gr_1,goods_receipt
po_000869_inv_1,invoice
po_000870,purchase_order
po_000870_item_1,item
po_000870_item_2,item
po_000870_gr_1,goods_receipt
po_000870_inv_1,invoice
po_000871,purchase_order
po_000871_item_1,item
po_000871_item_2,item
po_000871_item_3,item
po_000871_item_4,item
po_000871_gr_1,goods_receipt
po_000871_inv_1,invoice
po_000872,purchase_order
po_000872_item_1,item
po_000872_item_2,item
po_000872_gr_1,goods_receipt
po_000872_inv_1,invoice
po_000873,purchase_order
po_000873_item_1,item
po_000873_gr_1,goods_receipt
po_000873_gr_2,goods_receipt
po_000873_inv_1,invoice
po_000874,purchase_order
po_000874_item_1,item
po_000874_item_2,item
po_000874_item_3,item
po_000874_item_4,item
po_000874_item_5,item
po_000874_gr_1,goods_receipt
po_000874_inv_1,invoice
po_000875,purchase_order
po_000875_item_1,item
po_000875_gr_1,goods_receipt
po_000875_inv_1,invoice
po_000876,purchase_order
po_000876_item_1,item
po_000876_item_2,item
po_000876_item_3,item
po_000876_gr_1,goods_receipt
po_000876_gr_2,goods_receipt
po_000876_inv_1,invoice
po_000877,purchase_order
po_000877_item_1,item
po_000877_item_2,item
po_000877_gr_1,goods_receipt
po_000877_inv_1,invoice
po_000878,purchase_order
po_000878_item_1,item
po_000878_item_2,item
po_000878_item_3,item
po_000878_item_4,item
po_000878_gr_1,goods_receipt
po_000878_inv_1,invoice
po_000879,purchase_order
po_000879_item_1,item
po_000879_item_2,item
po_000879_item_3,item
po_000879_item_4,item
po_000879_gr_1,goods_receipt
po_000879_inv_1,invoice
po_000880,purchase_order
po_000880_item_1,item
po_000880_item_2,item
po_000880_item_3,item
po_000880_item_4,item
po_000880_gr_1,goods_receipt
po_000880_inv_1,invoice
po_000881,purchase_order
po_000881_item_1,item
po_000881_item_2,item
po_000881_item_3,item
po_000881_item_4,item
po_000881_gr_1,goods_receipt
po_000881_inv_1,invoice
po_000882,purchase_order
po_000882_item_1,item
po_000882_item_2,item
po_000882_gr_1,goods_receipt
po_000882_inv_1,invoice
po_000883,purchase_order
po_000883_item_1,item
po_000883_item_2,item
po_000883_item_3,item
po_000883_item_4,item
po_000883_item_5,item
po_000883_gr_1,goods_receipt
po_000883_inv_1,invoice
po_000884,purchase_order
po_000884_item_1,item
po_000884_item_2,item
po_000884_gr_1,goods_receipt
po_000884_inv_1,invoice
po_000885,purchase_order
po_000885_item_1,item
po_000885_item_2,item
po_000885_item_3,item
po_000885_gr_1,goods_receipt
po_000885_gr_2,goods_receipt
po_000885_inv_1,invoice
po_000885_inv_2,invoice
po_000886,purchase_order
po_000886_item_1,item
po_000886_item_2,item
po_000886_item_3,item
po_000886_item_4,item
po_000886_item_5,item
po_000886_gr_1,goods_receipt
po_000886_inv_1,invoice
po_000887,purchase_order
po_000887_item_1,item
po_000887_item_2,item
po_000887_item_3,item
po_000887_gr_1,goods_receipt
po_000887_inv_1,invoice
po_000887_inv_2,invoice
po_000888,purchase_order
po_000888_item_1,item
po_000888_item_2,item
po_000888_item_3,item
po_000888_item_4,item
po_000888_gr_1,goods_receipt
po_000888_gr_2,goods_receipt
po_000888_inv_1,invoice
po_000889,purchase_order
po_000889_item_1,item
po_000889_item_2,item
po_000889_item_3,item
po_000889_gr_1,goods_receipt
po_000889_inv_1,invoice
po_000889_inv_2,invoice
po_000890,purchase_order
po_000890_item_1,item
po_000890_gr_1,goods_receipt
po_000890_gr_2,goods_receipt
po_000890_inv_1,invoice
po_000891,purchase_order
po_000891_item_1,item
po_000891_item_2,item
po_000891_item_3,item
po_000891_item_4,item
po_000891_item_5,item
po_000891_gr_1,goods_receipt
po_000891_gr_2,goods_receipt
po_000891_inv_1,invoice
po_000892,purchase_order
po_000892_item_1,item
po_000892_gr_1,goods_receipt
po_000892_inv_1,invoice
po_000893,purchase_order
po_000893_item_1,item
po_000893_item_2,item
po_000893_item_3,item
po_000893_item_4,item
po_000893_gr_1,goods_receipt
po_000893_inv_1,invoice
po_000894,purchase_order
po_000894_item_1,item
po_000894_gr_1,goods_receipt
po_000894_gr_2,goods_receipt
po_000894_inv_1,invoice
po_000895,purchase_order
po_000895_item_1,item
po_000895_item_2,item
po_000895_item_3,item
po_000895_item_4,item
po_000895_item_5,item
po_000895_gr_1,goods_receipt
po_000895_inv_1,invoice
po_000896,purchase_order
po_000896_item_1,item
po_000896_item_2,item
po_000896_item_3,item
po_000896_item_4,item
po_000896_gr_1,goods_receipt
po_000896_inv_1,invoice
po_000897,purchase_order
po_000897_item_1,item
po_000897_gr_1,goods_receipt
po_000897_inv_1,invoice
po_000898,purchase_order
po_000898_item_1,item
po_000898_item_2,item
po_000898_item_3,item
po_000898_item_4,item
po_000898_item_5,item
po_000898_gr_1,goods_receipt
po_000898_inv_1,invoice
po_000899,purchase_order
po_000899_item_1,item
po_000899_item_2,item
po_000899_item_3,item
po_000899_item_4,item
po_000899_gr_1,goods_receipt
po_000899_inv_1,invoice
po_000899_inv_2,invoice
po_000900,purchase_order
po_000900_item_1,item
po_000900_item_2,item
po_000900_gr_1,goods_receipt
po_000900_gr_2,goods_receipt
po_000900_inv_1,invoice
po_000901,purchase_order
po_000901_item_1,item
po_000901_gr_1,goods_receipt
po_000901_inv_1,invoice
po_000902,purchase_order
po_000902_item_1,item
po_000902_item_2,item
po_000902_gr_1,goods_receipt
po_000902_inv_1,invoice
po_000903,purchase_order
po_000903_item_1,item
po_000903_item_2,item
po_000903_item_3,item
po_000903_gr_1,goods_receipt
po_000903_gr_2,goods_receipt
po_000903_inv_1,invoice
po_000904,purchase_order
po_000904_item_1,item
po_000904_item_2,item
po_000904_item_3,item
po_000904_item_4,item
po_000904_item_5,item
po_000904_gr_1,goods_receipt
po_000904_gr_2,goods_receipt
po_000904_inv_1,invoice
po_000905,purchase_order
po_000905_item_1,item
po_000905_item_2,item
po_000905_item_3,item
po_000905_item_4,item
po_000905_item_5,item
po_000905_gr_1,goods_receipt
po_000905_inv_1,invoice
po_000906,purchase_order
po_000906_item_1,item
po_000906_item_2,item
po_000906_gr_1,goods_receipt
po_000906_gr_2,goods_receipt
po_000906_inv_1,invoice
po_000907,purchase_order
po_000907_item_1,item
po_000907_gr_1,goods_receipt
po_000907_inv_1,invoice
po_000907_inv_2,invoice
po_000908,purchase_order
po_000908_item_1,item
po_000908_item_2,item
po_000908_item_3,item
po_000908_gr_1,goods_receipt
po_000908_inv_1,invoice
po_000909,purchase_order
po_000909_item_1,item
po_000909_item_2,item
po_000909_item_3,item
po_000909_item_4,item
po_000909_item_5,item
po_000909_gr_1,goods_receipt
po_000909_inv_1,invoice
po_000910,purchase_order
po_000910_item_1,item
po_000910_item_2,item
po_000910_item_3,item
po_000910_gr_1,goods_receipt
po_000910_inv_1,invoice
po_000911,purchase_order
po_000911_item_1,item
po_000911_item_2,item
po_000911_item_3,item
po_000911_item_4,item
po_000911_item_5,item
po_000911_gr_1,goods_receipt
po_000911_inv_1,invoice
po_000911_inv_2,invoice
po_000912,purchase_order
po_000912_item_1,item
po_000912_item_2,item
po_000912_item_3,item
po_000912_gr_1,goods_receipt
po_000912_inv_1,invoice
po_000912_inv_2,invoice
po_000913,purchase_order
po_000913_item_1,item
po_000913_item_2,item
po_000913_item_3,item
po_000913_item_4,item
po_000913_gr_1,goods_receipt
po_000913_inv_1,invoice
po_000914,purchase_order
po_000914_item_1,item
po_000914_item_2,item
po_000914_gr_1,goods_receipt
po_000914_inv_1,invoice
po_000915,purchase_order
po_000915_item_1,item
po_000915_item_2,item
po_000915_item_3,item
po_000915_item_4,item
po_000915_gr_1,goods_receipt
po_000915_inv_1,invoice
po_000916,purchase_order
po_000916_item_1,item
po_000916_item_2,item
po_000916_item_3,item
po_000916_item_4,item
po_000916_gr_1,goods_receipt
po_000916_inv_1,invoice
po_000917,purchase_order
po_000917_item_1,item
po_000917_item_2,item
po_000917_gr_1,goods_receipt
po_000917_gr_2,goods_receipt
po_000917_inv_1,invoice
po_000917_inv_2,invoice
po_000918,purchase_order
po_000918_item_1,item
po_000918_item_2,item
po_000918_gr_1,goods_receipt
po_000918_inv_1,invoice
po_000919,purchase_order
po_000919_item_1,item
po_000919_gr_1,goods_receipt
po_000919_gr_2,goods_receipt
po_000919_inv_1,invoice
po_000920,purchase_order
po_000920_item_1,item
po_000920_item_2,item
po_000920_item_3,item
po_000920_item_4,item
po_000920_gr_1,goods_receipt
po_000920_inv_1,invoice
po_000921,purchase_order
po_000921_item_1,item
po_000921_item_2,item
po_000921_gr_1,goods_receipt
po_000921_inv_1,invoice
po_000922,purchase_order
po_000922_item_1,item
po_000922_item_2,item
po_000922_gr_1,goods_receipt
po_000922_inv_1,invoice
po_000923,purchase_order
po_000923_item_1,item
po_000923_item_2,item
po_000923_item_3,item
po_000923_item_4,item
po_000923_gr_1,goods_receipt
po_000923_gr_2,goods_receipt
po_000923_inv_1,invoice
po_000924,purchase_order
po_000924_item_1,item
po_000924_item_2,item
po_000924_item_3,item
po_000924_item_4,item
po_000924_item_5,item
po_000924_gr_1,goods_receipt
po_000924_inv_1,invoice
po_000925,purchase_order
po_000925_item_1,item
po_000925_item_2,item
po_000925_gr_1,goods_receipt
po_000925_inv_1,invoice
po_000926,purchase_order
po_000926_item_1,item
po_000926_item_2,item
po_000926_item_3,item
po_000926_item_4,item
po_000926_item_5,item
po_000926_gr_1,goods_receipt
po_000926_inv_1,invoice
po_000927,purchase_order
po_000927_item_1,item
po_000927_item_2,item
po_000927_item_3,item
po_000927_gr_1,goods_receipt
po_000927_gr_2,goods_receipt
po_000927_inv_1,invoice
po_000928,purchase_order
po_000928_item_1,item
po_000928_item_2,item
po_000928_item_3,item
po_000928_item_4,item
po_000928_gr_1,goods_receipt
po_000928_inv_1,invoice
po_000929,purchase_order
po_000929_item_1,item
po_000929_item_2,item
po_000929_gr_1,goods_receipt
po_000929_inv_1,invoice
po_000930,purchase_order
po_000930_item_1,item
po_000930_item_2,item
po_000930_gr_1,goods_receipt
po_000930_inv_1,invoice
po_000931,purchase_order
po_000931_item_1,item
po_000931_item_2,item
po_000931_item_3,item
po_000931_gr_1,goods_receipt
po_000931_inv_1,invoice
po_000932,purchase_order
po_000932_item_1,item
po_000932_item_2,item
po_000932_item_3,item
po_000932_item_4,item
po_000932_gr_1,goods_receipt
po_000932_inv_1,invoice
po_000933,purchase_order
po_000933_item_1,item
po_000933_item_2,item
po_000933_item_3,item
po_000933_item_4,item
po_000933_item_5,item
po_000933_gr_1,goods_receipt
po_000933_inv_1,invoice
po_000934,purchase_order
po_000934_item_1,item
po_000934_item_2,item
po_000934_gr_1,goods_receipt
po_000934_inv_1,invoice
po_000935,purchase_order
po_000935_item_1,item
po_000935_gr_1,goods_receipt
po_000935_inv_1,invoice
po_000936,purchase_order
po_000936_item_1,item
po_000936_item_2,item
po_000936_item_3,item
po_000936_gr_1,goods_receipt
po_000936_inv_1,invoice
po_000937,purchase_order
po_000937_item_1,item
po_000937_item_2,item
po_000937_item_3,item
po_000937_item_4,item
po_000937_gr_1,goods_receipt
po_000937_inv_1,invoice
po_000937_inv_2,invoice
po_000938,purchase_order
po_000938_item_1,item
po_000938_gr_1,goods_receipt
po_000938_inv_1,invoice
po_000939,purchase_order
po_000939_item_1,item
po_000939_item_2,item
po_000939_item_3,item
po_000939_item_4,item
po_000939_gr_1,goods_receipt
po_000939_inv_1,invoice
po_000940,purchase_order
po_000940_item_1,item
po_000940_item_2,item
po_000940_item_3,item
po_000940_item_4,item
po_000940_gr_1,goods_receipt
po_000940_inv_1,invoice
po_000941,purchase_order
po_000941_item_1,item
po_000941_item_2,item
po_000941_item_3,item
po_000941_item_4,item
po_000941_gr_1,goods_receipt
po_000941_inv_1,invoice
po_000942,purchase_order
po_000942_item_1,item
po_000942_item_2,item
po_000942_item_3,item
po_000942_gr_1,goods_receipt
po_000942_inv_1,invoice
po_000943,purchase_order
po_000943_item_1,item
po_000943_item_2,item
po_000943_item_3,item
po_000943_item_4,item
po_000943_item_5,item
po_000943_gr_1,goods_receipt
po_000943_inv_1,invoice
po_000944,purchase_order
po_000944_item_1,item
po_000944_item_2,item
po_000944_gr_1,goods_receipt
po_000944_inv_1,invoice
po_000944_inv_2,invoice
po_000945,purchase_order
po_000945_item_1,item
po_000945_item_2,item
po_000945_item_3,item
po_000945_item_4,item
po_000945_gr_1,goods_receipt
po_000945_inv_1,invoice
po_000946,purchase_order
po_000946_item_1,item
po_000946_item_2,item
po_000946_item_3,item
po_000946_item_4,item
po_000946_item_5,item
po_000946_gr_1,goods_receipt
po_000946_inv_1,invoice
po_000947,purchase_order
po_000947_item_1,item
po_000947_item_2,item
po_000947_item_3,item
po_000947_item_4,item
po_000947_gr_1,goods_receipt
po_000947_inv_1,invoice
po_000948,purchase_order
po_000948_item_1,item
po_000948_item_2,item
po_000948_item_3,item
po_000948_gr_1,goods_receipt
po_000948_inv_1,invoice
po_000949,purchase_order
po_000949_item_1,item
po_000949_item_2,item
po_000949_gr_1,goods_receipt
po_000949_inv_1,invoice
po_000950,purchase_order
po_000950_item_1,item
po_000950_item_2,item
po_000950_item_3,item
po_000950_item_4,item
po_000950_gr_1,goods_receipt
po_000950_inv_1,invoice
po_000950_inv_2,invoice
po_000951,purchase_order
po_000951_item_1,item
po_000951_item_2,item
po_000951_item_3,item
po_000951_item_4,item
po_000951_gr_1,goods_receipt
po_000951_inv_1,invoice
po_000952,purchase_order
po_000952_item_1,item
po_000952_item_2,item
po_000952_gr_1,goods_receipt
po_000952_inv_1,invoice
po_000952_inv_2,invoice
po_000953,purchase_order
po_000953_item_1,item
po_000953_item_2,item
po_000953_gr_1,goods_receipt
po_000953_inv_1,invoice
po_000954,purchase_order
po_000954_item_1,item
po_000954_item_2,item
po_000954_gr_1,goods_receipt
po_000954_inv_1,invoice
po_000955,purchase_order
po_000955_item_1,item
po_000955_gr_1,goods_receipt
po_000955_inv_1,invoice
po_000956,purchase_order
po_000956_item_1,item
po_000956_item_2,item
po_000956_gr_1,goods_receipt
po_000956_inv_1,invoice
po_000957,purchase_order
po_000957_item_1,item
po_000957_item_2,item
po_000957_item_3,item
po_000957_item_4,item
po_000957_gr_1,goods_receipt
po_000957_inv_1,invoice
po_000958,purchase_order
po_000958_item_1,item
po_000958_item_2,item
po_000958_item_3,item
po_000958_item_4,item
po_000958_item_5,item
po_000958_gr_1,goods_receipt
po_000958_inv_1,invoice
po_000958_inv_2,invoice
po_000959,purchase_order
po_000959_item_1,item
po_000959_item_2,item
po_000959_item_3,item
po_000959_gr_1,goods_receipt
po_000959_gr_2,goods_receipt
po_000959_inv_1,invoice
po_000960,purchase_order
po_000960_item_1,item
po_000960_item_2,item
po_000960_gr_1,goods_receipt
po_000960_inv_1,invoice
po_000961,purchase_order
po_000961_item_1,item
po_000961_gr_1,goods_receipt
po_000961_inv_1,invoice
po_000961_inv_2,invoice
po_000962,purchase_order
po_000962_item_1,item
po_000962_item_2,item
po_000962_gr_1,goods_receipt
po_000962_inv_1,invoice
po_000963,purchase_order
po_000963_item_1,item
po_000963_item_2,item
po_000963_item_3,item
po_000963_item_4,item
po_000963_item_5,item
po_000963_gr_1,goods_receipt
po_000963_inv_1,invoice
po_000964,purchase_order
po_000964_item_1,item
po_000964_item_2,item
po_000964_item_3,item
po_000964_gr_1,goods_receipt
po_000964_inv_1,invoice
po_000965,purchase_order
po_000965_item_1,item
po_000965_item_2,item
po_000965_item_3,item
po_000965_item_4,item
po_000965_item_5,item
po_000965_gr_1,goods_receipt
po_000965_inv_1,invoice
po_000966,purchase_order
po_000966_item_1,item
po_000966_item_2,item
po_000966_gr_1,goods_receipt
po_000966_inv_1,invoice
po_000967,purchase_order
po_000967_item_1,item
po_000967_item_2,item
po_000967_gr_1,goods_receipt
po_000967_inv_1,invoice
po_000968,purchase_order
po_000968_item_1,item
po_000968_item_2,item
po_000968_item_3,item
po_000968_item_4,item
po_000968_gr_1,goods_receipt
po_000968_gr_2,goods_receipt
po_000968_inv_1,invoice
po_000968_inv_2,invoice
po_000969,purchase_order
po_000969_item_1,item
po_000969_gr_1,goods_receipt
po_000969_inv_1,invoice
po_000970,purchase_order
po_000970_item_1,item
po_000970_item_2,item
po_000970_gr_1,goods_receipt
po_000970_inv_1,invoice
po_000971,purchase_order
po_000971_item_1,item
po_000971_item_2,item
po_000971_item_3,item
po_000971_gr_1,goods_receipt
po_000971_inv_1,invoice
po_000972,purchase_order
po_000972_item_1,item
po_000972_item_2,item
po_000972_item_3,item
po_000972_item_4,item
po_000972_item_5,item
po_000972_gr_1,goods_receipt
po_000972_gr_2,goods_receipt
po_000972_inv_1,invoice
po_000973,purchase_order
po_000973_item_1,item
po_000973_gr_1,goods_receipt
po_000973_inv_1,invoice
po_000974,purchase_order
po_000974_item_1,item
po_000974_item_2,item
po_000974_item_3,item
po_000974_item_4,item
po_000974_item_5,item
po_000974_gr_1,goods_receipt
po_000974_inv_1,invoice
po_000975,purchase_order
po_000975_item_1,item
po_000975_item_2,item
po_000975_item_3,item
po_000975_gr_1,goods_receipt
po_000975_inv_1,invoice
po_000976,purchase_order
po_000976_item_1,item
po_000976_item_2,item
po_000976_gr_1,goods_receipt
po_000976_inv_1,invoice
po_000976_inv_2,invoice
po_000977,purchase_order
po_000977_item_1,item
po_000977_item_2,item
po_000977_item_3,item
po_000977_item_4,item
po_000977_gr_1,goods_receipt
po_000977_inv_1,invoice
po_000978,purchase_order
po_000978_item_1,item
po_000978_item_2,item
po_000978_item_3,item
po_000978_item_4,item
po_000978_gr_1,goods_receipt
po_000978_inv_1,invoice
po_000978_inv_2,invoice
po_000979,purchase_order
po_000979_item_1,item
po_000979_gr_1,goods_receipt
po_000979_gr_2,goods_receipt
po_000979_inv_1,invoice
po_000980,purchase_order
po_000980_item_1,item
po_000980_item_2,item
po_000980_item_3,item
po_000980_item_4,item
po_000980_gr_1,goods_receipt
po_000980_inv_1,invoice
po_000981,purchase_order
po_000981_item_1,item
po_000981_item_2,item
po_000981_item_3,item
po_000981_item_4,item
po_000981_item_5,item
po_000981_gr_1,goods_receipt
po_000981_inv_1,invoice
po_000982,purchase_order
po_000982_item_1,item
po_000982_item_2,item
po_000982_item_3,item
po_000982_item_4,item
po_000982_item_5,item
po_000982_gr_1,goods_receipt
po_000982_inv_1,invoice
po_000983,purchase_order
po_000983_item_1,item
po_000983_item_2,item
po_000983_item_3,item
po_000983_gr_1,goods_receipt
po_000983_inv_1,invoice
po_000984,purchase_order
po_000984_item_1,item
po_000984_item_2,item
po_000984_item_3,item
po_000984_item_4,item
po_000984_gr_1,goods_receipt
po_000984_gr_2,goods_receipt
po_000984_inv_1,invoice
po_000985,purchase_order
po_000985_item_1,item
po_000985_item_2,item
po_000985_item_3,item
po_000985_item_4,item
po_000985_item_5,item
po_000985_gr_1,goods_receipt
po_000985_inv_1,invoice
po_000986,purchase_order
po_000986_item_1,item
po_000986_item_2,item
po_000986_gr_1,goods_receipt
po_000986_inv_1,invoice
po_000987,purchase_order
po_000987_item_1,item
po_000987_gr_1,goods_receipt
po_000987_gr_2,goods_receipt
po_000987_inv_1,invoice
po_000988,purchase_order
po_000988_item_1,item
po_000988_item_2,item
po_000988_item_3,item
po_000988_item_4,item
po_000988_item_5,item
po_000988_gr_1,goods_receipt
po_000988_gr_2,goods_receipt
po_000988_inv_1,invoice
po_000989,purchase_order
po_000989_item_1,item
po_000989_gr_1,goods_receipt
po_000989_inv_1,invoice
po_000990,purchase_order
po_000990_item_1,item
po_000990_item_2,item
po_000990_gr_1,goods_receipt
po_000990_gr_2,goods_receipt
po_000990_inv_1,invoice
po_000991,purchase_order
po_000991_item_1,item
po_000991_gr_1,goods_receipt
po_000991_inv_1,invoice
po_000992,purchase_order
po_000992_item_1,item
po_000992_item_2,item
po_000992_gr_1,goods_receipt
po_000992_inv_1,invoice
po_000993,purchase_order
po_000993_item_1,item
po_000993_item_2,item
po_000993_item_3,item
po_000993_gr_1,goods_receipt
po_000993_inv_1,invoice
po_000994,purchase_order
po_000994_item_1,item
po_000994_item_2,item
po_000994_gr_1,goods_receipt
po_000994_inv_1,invoice
po_000995,purchase_order
po_000995_item_1,item
po_000995_item_2,item
po_000995_gr_1,goods_receipt
po_000995_inv_1,invoice
po_000996,purchase_order
po_000996_item_1,item
po_000996_item_2,item
po_000996_item_3,item
po_000996_item_4,item
po_000996_item_5,item
po_000996_gr_1,goods_receipt
po_000996_inv_1,invoice
po_000997,purchase_order
po_000997_item_1,item
po_000997_item_2,item
po_000997_item_3,item
po_000997_gr_1,goods_receipt
po_000997_inv_1,invoice
po_000998,purchase_order
po_000998_item_1,item
po_000998_item_2,item
po_000998_gr_1,goods_receipt
po_000998_inv_1,invoice
po_000999,purchase_order
po_000999_item_1,item
po_000999_item_2,item
po_000999_item_3,item
po_000999_item_4,item
po_000999_gr_1,goods_receipt
po_000999_inv_1,invoice
po_001000,purchase_order
po_001000_item_1,item
po_001000_item_2,item
po_001000_gr_1,goods_receipt
po_001000_inv_1,invoice
po_001001,purchase_order
po_001001_item_1,item
po_001001_item_2,item
po_001001_item_3,item
po_001001_item_4,item
po_001001_item_5,item
po_001001_gr_1,goods_receipt
po_001001_inv_1,invoice
po_001002,purchase_order
po_001002_item_1,item
po_001002_gr_1,goods_receipt
po_001002_inv_1,invoice
po_001002_inv_2,invoice
po_001003,purchase_order
po_001003_item_1,item
po_001003_item_2,item
po_001003_item_3,item
po_001003_gr_1,goods_receipt
po_001003_inv_1,invoice
po_001004,purchase_order
po_001004_item_1,item
po_001004_item_2,item
po_001004_item_3,item
po_001004_item_4,item
po_001004_gr_1,goods_receipt
po_001004_gr_2,goods_receipt
po_001004_inv_1,invoice
po_001005,purchase_order
po_001005_item_1,item
po_001005_item_2,item
po_001005_gr_1,goods_receipt
po_001005_inv_1,invoice
po_001005_inv_2,invoice
po_001006,purchase_order
po_001006_item_1,item
po_001006_gr_1,goods_receipt
po_001006_inv_1,invoice
po_001007,purchase_order
po_001007_item_1,item
po_001007_item_2,item
po_001007_item_3,item
po_001007_item_4,item
po_001007_gr_1,goods_receipt
po_001007_inv_1,invoice
po_001008,purchase_order
po_001008_item_1,item
po_001008_item_2,item
po_001008_item_3,item
po_001008_item_4,item
po_001008_item_5,item
po_001008_gr_1,goods_receipt
po_001008_inv_1,invoice
po_001009,purchase_order
po_001009_item_1,item
po_001009_item_2,item
po_001009_item_3,item
po_001009_item_4,item
po_001009_gr_1,goods_receipt
po_001009_inv_1,invoice
po_001010,purchase_order
po_001010_item_1,item
po_001010_item_2,item
po_001010_item_3,item
po_001010_gr_1,goods_receipt
po_001010_inv_1,invoice
po_001011,purchase_order
po_001011_item_1,item
po_001011_item_2,item
po_001011_item_3,item
po_001011_gr_1,goods_receipt
po_001011_inv_1,invoice
po_001012,purchase_order
po_001012_item_1,item
po_001012_item_2,item
po_001012_item_3,item
po_001012_item_4,item
po_001012_gr_1,goods_receipt
po_001012_inv_1,invoice
po_001013,purchase_order
po_001013_item_1,item
po_001013_gr_1,goods_receipt
po_001013_inv_1,invoice
po_001014,purchase_order
po_001014_item_1,item
po_001014_gr_1,goods_receipt
po_001014_gr_2,goods_receipt
po_001014_inv_1,invoice
po_001015,purchase_order
po_001015_item_1,item
po_001015_gr_1,goods_receipt
po_001015_inv_1,invoice
po_001016,purchase_order
po_001016_item_1,item
po_001016_item_2,item
po_001016_item_3,item
po_001016_item_4,item
po_001016_gr_1,goods_receipt
po_001016_gr_2,goods_receipt
po_001016_inv_1,invoice
po_001017,purchase_order
po_001017_item_1,item
po_001017_item_2,item
po_001017_gr_1,goods_receipt
po_001017_inv_1,invoice
po_001017_inv_2,invoice
po_001018,purchase_order
po_001018_item_1,item
po_001018_item_2,item
po_001018_item_3,item
po_001018_item_4,item
po_001018_item_5,item
po_001018_gr_1,goods_receipt
po_001018_inv_1,invoice
po_001019,purchase_order
po_001019_item_1,item
po_001019_item_2,item
po_001019_item_3,item
po_001019_item_4,item
po_001019_item_5,item
po_001019_gr_1,goods_receipt
po_001019_inv_1,invoice
po_001020,purchase_order
po_001020_item_1,item
po_001020_item_2,item
po_001020_item_3,item
po_001020_item_4,item
po_001020_gr_1,goods_receipt
po_001020_inv_1,invoice
po_001021,purchase_order
po_001021_item_1,item
po_001021_item_2,item
po_001021_item_3,item
po_001021_gr_1,goods_receipt
po_001021_inv_1,invoice
po_001022,purchase_order
po_001022_item_1,item
po_001022_item_2,item
po_001022_item_3,item
po_001022_gr_1,goods_receipt
po_001022_inv_1,invoice
po_001023,purchase_order
po_001023_item_1,item
po_001023_item_2,item
po_001023_gr_1,goods_receipt
po_001023_gr_2,goods_receipt
po_001023_inv_1,invoice
po_001024,purchase_order
po_001024_item_1,item
po_001024_item_2,item
po_001024_item_3,item
po_001024_gr_1,goods_receipt
po_001024_inv_1,invoice
po_001025,purchase_order
po_001025_item_1,item
po_001025_gr_1,goods_receipt
po_001025_inv_1,invoice
po_001026,purchase_order
po_001026_item_1,item
po_001026_gr_1,goods_receipt
po_001026_gr_2,goods_receipt
po_001026_inv_1,invoice
po_001027,purchase_order
po_001027_item_1,item
po_001027_item_2,item
po_001027_gr_1,goods_receipt
po_001027_inv_1,invoice
po_001027_inv_2,invoice
po_001028,purchase_order
po_001028_item_1,item
po_001028_item_2,item
po_001028_gr_1,goods_receipt
po_001028_inv_1,invoice
po_001029,purchase_order
po_001029_item_1,item
po_001029_item_2,item
po_001029_item_3,item
po_001029_item_4,item
po_001029_gr_1,goods_receipt
po_001029_gr_2,goods_receipt
po_001029_inv_1,invoice
po_001030,purchase_order
po_001030_item_1,item
po_001030_item_2,item
po_001030_item_3,item
po_001030_gr_1,goods_receipt
po_001030_inv_1,invoice
po_001031,purchase_order
po_001031_item_1,item
po_001031_gr_1,goods_receipt
po_001031_inv_1,invoice
po_001032,purchase_order
po_001032_item_1,item
po_001032_item_2,item
po_001032_item_3,item
po_001032_gr_1,goods_receipt
po_001032_inv_1,invoice
po_001033,purchase_order
po_001033_item_1,item
po_001033_item_2,item
po_001033_item_3,item
po_001033_gr_1,goods_receipt
po_001033_inv_1,invoice
po_001034,purchase_order
po_001034_item_1,item
po_001034_item_2,item
po_001034_item_3,item
po_001034_gr_1,goods_receipt
po_001034_inv_1,invoice
po_001035,purchase_order
po_001035_item_1,item
po_001035_item_2,item
po_001035_item_3,item
po_001035_item_4,item
po_001035_item_5,item
po_001035_gr_1,goods_receipt
po_001035_inv_1,invoice
po_001035_inv_2,invoice
po_001036,purchase_order
po_001036_item_1,item
po_001036_item_2,item
po_001036_item_3,item
po_001036_item_4,item
po_001036_gr_1,goods_receipt
po_001036_inv_1,invoice
po_001036_inv_2,invoice
po_001037,purchase_order
po_001037_item_1,item
po_001037_gr_1,goods_receipt
po_001037_inv_1,invoice
po_001038,purchase_order
po_001038_item_1,item
po_001038_item_2,item
po_001038_item_3,item
po_001038_item_4,item
po_001038_item_5,item
po_001038_gr_1,goods_receipt
po_001038_inv_1,invoice
po_001038_inv_2,invoice
po_001039,purchase_order
po_001039_item_1,item
po_001039_item_2,item
po_001039_item_3,item
po_001039_gr_1,goods_receipt
po_001039_inv_1,invoice
po_001040,purchase_order
po_001040_item_1,item
po_001040_item_2,item
po_001040_item_3,item
po_001040_item_4,item
po_001040_item_5,item
po_001040_gr_1,goods_receipt
po_001040_inv_1,invoice
po_001041,purchase_order
po_001041_item_1,item
po_001041_gr_1,goods_receipt
po_001041_inv_1,invoice
po_001042,purchase_order
po_001042_item_1,item
po_001042_item_2,item
po_001042_item_3,item
po_001042_item_4,item
po_001042_gr_1,goods_receipt
po_001042_inv_1,invoice
po_001043,purchase_order
po_001043_item_1,item
po_001043_gr_1,goods_receipt
po_001043_gr_2,goods_receipt
po_001043_inv_1,invoice
po_001044,purchase_order
po_001044_item_1,item
po_001044_item_2,item
po_001044_gr_1,goods_receipt
po_001044_inv_1,invoice
po_001044_inv_2,invoice
po_001045,purchase_order
po_001045_item_1,item
po_001045_item_2,item
po_001045_gr_1,goods_receipt
po_001045_inv_1,invoice
po_001046,purchase_order
po_001046_item_1,item
po_001046_gr_1,goods_receipt
po_001046_inv_1,invoice
po_001047,purchase_order
po_001047_item_1,item
po_001047_item_2,item
po_001047_item_3,item
po_001047_gr_1,goods_receipt
po_001047_inv_1,invoice
po_001048,purchase_order
po_001048_item_1,item
po_001048_item_2,item
po_001048_item_3,item
po_001048_gr_1,goods_receipt
po_001048_inv_1,invoice
po_001048_inv_2,invoice
po_001049,purchase_order
po_001049_item_1,item
po_001049_item_2,item
po_001049_gr_1,goods_receipt
po_001049_inv_1,invoice
po_001050,purchase_order
po_001050_item_1,item
po_001050_item_2,item
po_001050_gr_1,goods_receipt
po_001050_inv_1,invoice
po_001051,purchase_order
po_001051_item_1,item
po_001051_item_2,item
po_001051_gr_1,goods_receipt
po_001051_gr_2,goods_receipt
po_001051_inv_1,invoice
po_001052,purchase_order
po_001052_item_1,item
po_001052_item_2,item
po_001052_item_3,item
po_001052_item_4,item
po_001052_gr_1,goods_receipt
po_001052_inv_1,invoice
po_001053,purchase_order
po_001053_item_1,item
po_001053_item_2,item
po_001053_item_3,item
po_001053_item_4,item
po_001053_item_5,item
po_001053_gr_1,goods_receipt
po_001053_inv_1,invoice
po_001054,purchase_order
po_001054_item_1,item
po_001054_item_2,item
po_001054_item_3,item
po_001054_item_4,item
po_001054_item_5,item
po_001054_gr_1,goods_receipt
po_001054_inv_1,invoice
po_001055,purchase_order
po_001055_item_1,item
po_001055_item_2,item
po_001055_item_3,item
po_001055_gr_1,goods_receipt
po_001055_inv_1,invoice
po_001056,purchase_order
po_001056_item_1,item
po_001056_item_2,item
po_001056_item_3,item
po_001056_item_4,item
po_001056_item_5,item
po_001056_gr_1,goods_receipt
po_001056_inv_1,invoice
po_001057,purchase_order
po_001057_item_1,item
po_001057_item_2,item
po_001057_item_3,item
po_001057_gr_1,goods_receipt
po_001057_inv_1,invoice
po_001058,purchase_order
po_001058_item_1,item
po_001058_item_2,item
po_001058_gr_1,goods_receipt
po_001058_inv_1,invoice
po_001059,purchase_order
po_001059_item_1,item
po_001059_item_2,item
po_001059_item_3,item
po_001059_gr_1,goods_receipt
po_001059_inv_1,invoice
po_001059_inv_2,invoice
po_001060,purchase_order
po_001060_item_1,item
po_001060_gr_1,goods_receipt
po_001060_inv_1,invoice
po_001061,purchase_order
po_001061_item_1,item
po_001061_item_2,item
po_001061_gr_1,goods_receipt
po_001061_inv_1,invoice
po_001062,purchase_order
po_001062_item_1,item
po_001062_item_2,item
po_001062_item_3,item
po_001062_gr_1,goods_receipt
po_001062_inv_1,invoice
po_001063,purchase_order
po_001063_item_1,item
po_001063_item_2,item
po_001063_item_3,item
po_001063_item_4,item
po_001063_item_5,item
po_001063_gr_1,goods_receipt
po_001063_inv_1,invoice
po_001064,purchase_order
po_001064_item_1,item
po_001064_item_2,item
po_001064_item_3,item
po_001064_item_4,item
po_001064_gr_1,goods_receipt
po_001064_inv_1,invoice
po_001065,purchase_order
po_001065_item_1,item
po_001065_item_2,item
po_001065_gr_1,goods_receipt
po_001065_inv_1,invoice
po_001066,purchase_order
po_001066_item_1,item
po_001066_item_2,item
po_001066_gr_1,goods_receipt
po_001066_inv_1,invoice
po_001066_inv_2,invoice
po_001067,purchase_order
po_001067_item_1,item
po_001067_gr_1,goods_receipt
po_001067_inv_1,invoice
po_001067_inv_2,invoice
po_001068,purchase_order
po_001068_item_1,item
po_001068_item_2,item
po_001068_item_3,item
po_001068_item_4,item
po_001068_gr_1,goods_receipt
po_001068_inv_1,invoice
po_001069,purchase_order
po_001069_item_1,item
po_001069_item_2,item
po_001069_gr_1,goods_receipt
po_001069_inv_1,invoice
po_001070,purchase_order
po_001070_item_1,item
po_001070_gr_1,goods_receipt
po_001070_inv_1,invoice
po_001071,purchase_order
po_001071_item_1,item
po_001071_item_2,item
po_001071_item_3,item
po_001071_gr_1,goods_receipt
po_001071_inv_1,invoice
po_001072,purchase_order
po_001072_item_1,item
po_001072_item_2,item
po_001072_item_3,item
po_001072_item_4,item
po_001072_gr_1,goods_receipt
po_001072_inv_1,invoice
po_001072_inv_2,invoice
po_001073,purchase_order
po_001073_item_1,item
po_001073_item_2,item
po_001073_item_3,item
po_001073_item_4,item
po_001073_gr_1,goods_receipt
po_001073_gr_2,goods_receipt
po_001073_inv_1,invoice
po_001073_inv_2,invoice
po_001074,purchase_order
po_001074_item_1,item
po_001074_item_2,item
po_001074_gr_1,goods_receipt
po_001074_gr_2,goods_receipt
po_001074_inv_1,invoice
po_001075,purchase_order
po_001075_item_1,item
po_001075_item_2,item
po_001075_item_3,item
po_001075_item_4,item
po_001075_item_5,item
po_001075_gr_1,goods_receipt
po_001075_inv_1,invoice
po_001076,purchase_order
po_001076_item_1,item
po_001076_item_2,item
po_001076_item_3,item
po_001076_gr_1,goods_receipt
po_001076_inv_1,invoice
po_001077,purchase_order
po_001077_item_1,item
po_001077_item_2,item
po_001077_item_3,item
po_001077_item_4,item
po_001077_item_5,item
po_001077_gr_1,goods_receipt
po_001077_inv_1,invoice
po_001078,purchase_order
po_001078_item_1,item
po_001078_item_2,item
po_001078_item_3,item
po_001078_item_4,item
po_001078_gr_1,goods_receipt
po_001078_inv_1,invoice
po_001079,purchase_order
po_001079_item_1,item
po_001079_item_2,item
po_001079_item_3,item
po_001079_gr_1,goods_receipt
po_001079_inv_1,invoice
po_001080,purchase_order
po_001080_item_1,item
po_001080_item_2,item
po_001080_item_3,item
po_001080_gr_1,goods_receipt
po_001080_inv_1,invoice
po_001081,purchase_order
po_001081_item_1,item
po_001081_item_2,item
po_001081_gr_1,goods_receipt
po_001081_inv_1,invoice
po_001081_inv_2,invoice
po_001082,purchase_order
po_001082_item_1,item
po_001082_gr_1,goods_receipt
po_001082_inv_1,invoice
po_001083,purchase_order
po_001083_item_1,item
po_001083_gr_1,goods_receipt
po_001083_inv_1,invoice
po_001084,purchase_order
po_001084_item_1,item
po_001084_item_2,item
po_001084_item_3,item
po_001084_gr_1,goods_receipt
po_001084_inv_1,invoice
po_001085,purchase_order
po_001085_item_1,item
po_001085_item_2,item
po_001085_item_3,item
po_001085_gr_1,goods_receipt
po_001085_inv_1,invoice
po_001086,purchase_order
po_001086_item_1,item
po_001086_item_2,item
po_001086_item_3,item
po_001086_item_4,item
po_001086_item_5,item
po_001086_gr_1,goods_receipt
po_001086_inv_1,invoice
po_001087,purchase_order
po_001087_item_1,item
po_001087_item_2,item
po_001087_gr_1,goods_receipt
po_001087_inv_1,invoice
po_001088,purchase_order
po_001088_item_1,item
po_001088_item_2,item
po_001088_item_3,item
po_001088_item_4,item
po_001088_gr_1,goods_receipt
po_001088_inv_1,invoice
po_001088_inv_2,invoice
po_001089,purchase_order
po_001089_item_1,item
po_001089_item_2,item
po_001089_gr_1,goods_receipt
po_001089_inv_1,invoice
po_001090,purchase_order
po_001090_item_1,item
po_001090_item_2,item
po_001090_gr_1,goods_receipt
po_001090_inv_1,invoice
po_001091,purchase_order
po_001091_item_1,item
po_001091_item_2,item
po_001091_item_3,item
po_001091_item_4,item
po_001091_item_5,item
po_001091_gr_1,goods_receipt
po_001091_inv_1,invoice
po_001092,purchase_order
po_001092_item_1,item
po_001092_gr_1,goods_receipt
po_001092_inv_1,invoice
po_001092_inv_2,invoice
po_001093,purchase_order
po_001093_item_1,item
po_001093_item_2,item
po_001093_gr_1,goods_receipt
po_001093_inv_1,invoice
po_001094,purchase_order
po_001094_item_1,item
po_001094_item_2,item
po_001094_item_3,item
po_001094_item_4,item
po_001094_gr_1,goods_receipt
po_001094_inv_1,invoice
po_001094_inv_2,invoice
po_001095,purchase_order
po_001095_item_1,item
po_001095_item_2,item
po_001095_item_3,item
po_001095_gr_1,goods_receipt
po_001095_inv_1,invoice
po_001096,purchase_order
po_001096_item_1,item
po_001096_item_2,item
po_001096_item_3,item
po_001096_item_4,item
po_001096_gr_1,goods_receipt
po_001096_inv_1,invoice
po_001097,purchase_order
po_001097_item_1,item
po_001097_gr_1,goods_receipt
po_001097_gr_2,goods_receipt
po_001097_inv_1,invoice
po_001098,purchase_order
po_001098_item_1,item
po_001098_item_2,item
po_001098_item_3,item
po_001098_gr_1,goods_receipt
po_001098_inv_1,invoice
po_001099,purchase_order
po_001099_item_1,item
po_001099_item_2,item
po_001099_item_3,item
po_001099_item_4,item
po_001099_gr_1,goods_receipt
po_001099_inv_1,invoice
po_001100,purchase_order
po_001100_item_1,item
po_001100_gr_1,goods_receipt
po_001100_inv_1,invoice
po_001101,purchase_order
po_001101_item_1,item
po_001101_item_2,item
po_001101_item_3,item
po_001101_gr_1,goods_receipt
po_001101_gr_2,goods_receipt
po_001101_inv_1,invoice
po_001102,purchase_order
po_001102_item_1,item
po_001102_gr_1,goods_receipt
po_001102_inv_1,invoice
po_001103,purchase_order
po_001103_item_1,item
po_001103_item_2,item
po_001103_item_3,item
po_001103_item_4,item
po_001103_gr_1,goods_receipt
po_001103_gr_2,goods_receipt
po_001103_inv_1,invoice
po_001104,purchase_order
po_001104_item_1,item
po_001104_item_2,item
po_001104_gr_1,goods_receipt
po_001104_gr_2,goods_receipt
po_001104_inv_1,invoice
po_001105,purchase_order
po_001105_item_1,item
po_001105_item_2,item
po_001105_item_3,item
po_001105_item_4,item
po_001105_gr_1,goods_receipt
po_001105_gr_2,goods_receipt
po_001105_inv_1,invoice
po_001105_inv_2,invoice
po_001106,purchase_order
po_001106_item_1,item
po_001106_item_2,item
po_001106_item_3,item
po_001106_item_4,item
po_001106_item_5,item
po_001106_gr_1,goods_receipt
po_001106_inv_1,invoice
po_001107,purchase_order
po_001107_item_1,item
po_001107_item_2,item
po_001107_item_3,item
po_001107_item_4,item
po_001107_item_5,item
po_001107_gr_1,goods_receipt
po_001107_inv_1,invoice
po_001108,purchase_order
po_001108_item_1,item
po_001108_item_2,item
po_001108_gr_1,goods_receipt
po_001108_inv_1,invoice
po_001109,purchase_order
po_001109_item_1,item
po_001109_item_2,item
po_001109_item_3,item
po_001109_gr_1,goods_receipt
po_001109_gr_2,goods_receipt
po_001109_inv_1,invoice
po_001109_inv_2,invoice
po_001110,purchase_order
po_001110_item_1,item
po_001110_item_2,item
po_001110_item_3,item
po_001110_gr_1,goods_receipt
po_001110_inv_1,invoice
po_001111,purchase_order
po_001111_item_1,item
po_001111_gr_1,goods_receipt
po_001111_gr_2,goods_receipt
po_001111_inv_1,invoice
po_001112,purchase_order
po_001112_item_1,item
po_001112_item_2,item
po_001112_gr_1,goods_receipt
po_001112_inv_1,invoice
po_001113,purchase_order
po_001113_item_1,item
po_001113_item_2,item
po_001113_item_3,item
po_001113_item_4,item
po_001113_item_5,item
po_001113_gr_1,goods_receipt
po_001113_inv_1,invoice
po_001114,purchase_order
po_001114_item_1,item
po_001114_item_2,item
po_001114_item_3,item
po_001114_item_4,item
po_001114_gr_1,goods_receipt
po_001114_inv_1,invoice
po_001115,purchase_order
po_001115_item_1,item
po_001115_item_2,item
po_001115_item_3,item
po_001115_item_4,item
po_001115_gr_1,goods_receipt
po_001115_inv_1,invoice
po_001116,purchase_order
po_001116_item_1,item
po_001116_gr_1,goods_receipt
po_001116_gr_2,goods_receipt
po_001116_inv_1,invoice
po_001117,purchase_order
po_001117_item_1,item
po_001117_item_2,item
po_001117_item_3,item
po_001117_item_4,item
po_001117_gr_1,goods_receipt
po_001117_gr_2,goods_receipt
po_001117_inv_1,invoice
po_001117_inv_2,invoice
po_001118,purchase_order
po_001118_item_1,item
po_001118_item_2,item
po_001118_item_3,item
po_001118_gr_1,goods_receipt
po_001118_inv_1,invoice
po_001118_inv_2,invoice
po_001119,purchase_order
po_001119_item_1,item
po_001119_gr_1,goods_receipt
po_001119_inv_1,invoice
po_001120,purchase_order
po_001120_item_1,item
po_001120_item_2,item
po_001120_gr_1,goods_receipt
po_001120_inv_1,invoice
po_001120_inv_2,invoice
po_001121,purchase_order
po_001121_item_1,item
po_001121_item_2,item
po_001121_item_3,item
po_001121_gr_1,goods_receipt
po_001121_inv_1,invoice
po_001121_inv_2,invoice
po_001122,purchase_order
po_001122_item_1,item
po_001122_item_2,item
po_001122_item_3,item
po_001122_item_4,item
po_001122_gr_1,goods_receipt
po_001122_inv_1,invoice
po_001123,purchase_order
po_001123_item_1,item
po_001123_gr_1,goods_receipt
po_001123_inv_1,invoice
po_001124,purchase_order
po_001124_item_1,item
po_001124_item_2,item
po_001124_item_3,item
po_001124_item_4,item
po_001124_gr_1,goods_receipt
po_001124_inv_1,invoice
po_001125,purchase_order
po_001125_item_1,item
po_001125_item_2,item
po_001125_item_3,item
po_001125_item_4,item
po_001125_item_5,item
po_001125_gr_1,goods_receipt
po_001125_inv_1,invoice
po_001126,purchase_order
po_001126_item_1,item
po_001126_item_2,item
po_001126_gr_1,goods_receipt
po_001126_gr_2,goods_receipt
po_001126_inv_1,invoice
po_001127,purchase_order
po_001127_item_1,item
po_001127_item_2,item
po_001127_item_3,item
po_001127_item_4,item
po_001127_item_5,item
po_001127_gr_1,goods_receipt
po_001127_inv_1,invoice
po_001128,purchase_order
po_001128_item_1,item
po_001128_item_2,item
po_001128_gr_1,goods_receipt
po_001128_inv_1,invoice
po_001128_inv_2,invoice
po_001129,purchase_order
po_001129_item_1,item
po_001129_item_2,item
po_001129_gr_1,goods_receipt
po_001129_inv_1,invoice
po_001130,purchase_order
po_001130_item_1,item
po_001130_gr_1,goods_receipt
po_001130_gr_2,goods_receipt
po_001130_inv_1,invoice
po_001131,purchase_order
po_001131_item_1,item
po_001131_item_2,item
po_001131_gr_1,goods_receipt
po_001131_gr_2,goods_receipt
po_001131_inv_1,invoice
po_001132,purchase_order
po_001132_item_1,item
po_001132_item_2,item
po_001132_gr_1,goods_receipt
po_001132_inv_1,invoice
po_001132_inv_2,invoice
po_001133,purchase_order
po_001133_item_1,item
po_001133_item_2,item
po_001133_item_3,item
po_001133_item_4,item
po_001133_item_5,item
po_001133_gr_1,goods_receipt
po_001133_gr_2,goods_receipt
po_001133_inv_1,invoice
po_001134,purchase_order
po_001134_item_1,item
po_001134_gr_1,goods_receipt
po_001134_inv_1,invoice
po_001135,purchase_order
po_001135_item_1,item
po_001135_item_2,item
po_001135_item_3,item
po_001135_gr_1,goods_receipt
po_001135_inv_1,invoice
po_001136,purchase_order
po_001136_item_1,item
po_001136_item_2,item
po_001136_item_3,item
po_001136_item_4,item
po_001136_item_5,item
po_001136_gr_1,goods_receipt
po_001136_inv_1,invoice
po_001136_inv_2,invoice
po_001137,purchase_order
po_001137_item_1,item
po_001137_item_2,item
po_001137_item_3,item
po_001137_gr_1,goods_receipt
po_001137_gr_2,goods_receipt
po_001137_inv_1,invoice
po_001138,purchase_order
po_001138_item_1,item
po_001138_item_2,item
po_001138_item_3,item
po_001138_gr_1,goods_receipt
po_001138_inv_1,invoice
po_001139,purchase_order
po_001139_item_1,item
po_001139_item_2,item
po_001139_item_3,item
po_001139_gr_1,goods_receipt
po_001139_inv_1,invoice
po_001140,purchase_order
po_001140_item_1,item
po_001140_gr_1,goods_receipt
po_001140_inv_1,invoice
po_001141,purchase_order
po_001141_item_1,item
po_001141_item_2,item
po_001141_item_3,item
po_001141_item_4,item
po_001141_item_5,item
po_001141_gr_1,goods_receipt
po_001141_gr_2,goods_receipt
po_001141_inv_1,invoice
po_001142,purchase_order
po_001142_item_1,item
po_001142_item_2,item
po_001142_item_3,item
po_001142_item_4,item
po_001142_item_5,item
po_001142_gr_1,goods_receipt
po_001142_inv_1,invoice
po_001143,purchase_order
po_001143_item_1,item
po_001143_item_2,item
po_001143_gr_1,goods_receipt
po_001143_inv_1,invoice
po_001144,purchase_order
po_001144_item_1,item
po_001144_item_2,item
po_001144_item_3,item
po_001144_item_4,item
po_001144_gr_1,goods_receipt
po_001144_inv_1,invoice
po_001145,purchase_order
po_001145_item_1,item
po_001145_gr_1,goods_receipt
po_001145_inv_1,invoice
po_001146,purchase_order
po_001146_item_1,item
po_001146_gr_1,goods_receipt
po_001146_inv_1,invoice
po_001147,purchase_order
po_001147_item_1,item
po_001147_gr_1,goods_receipt
po_001147_inv_1,invoice
po_001148,purchase_order
po_001148_item_1,item
po_001148_item_2,item
po_001148_item_3,item
po_001148_item_4,item
po_001148_gr_1,goods_receipt
po_001148_inv_1,invoice
po_001149,purchase_order
po_001149_item_1,item
po_001149_item_2,item
po_001149_item_3,item
po_001149_gr_1,goods_receipt
po_001149_inv_1,invoice
po_001149_inv_2,invoice
po_001150,purchase_order
po_001150_item_1,item
po_001150_item_2,item
po_001150_item_3,item
po_001150_item_4,item
po_001150_gr_1,goods_receipt
po_001150_inv_1,invoice
po_001151,purchase_order
po_001151_item_1,item
po_001151_item_2,item
po_001151_gr_1,goods_receipt
po_001151_inv_1,invoice
po_001151_inv_2,invoice
po_001152,purchase_order
po_001152_item_1,item
po_001152_item_2,item
po_001152_item_3,item
po_001152_gr_1,goods_receipt
po_001152_gr_2,goods_receipt
po_001152_inv_1,invoice
po_001153,purchase_order
po_001153_item_1,item
po_001153_item_2,item
po_001153_item_3,item
po_001153_gr_1,goods_receipt
po_001153_inv_1,invoice
po_001153_inv_2,invoice
po_001154,purchase_order
po_001154_item_1,item
po_001154_item_2,item
po_001154_item_3,item
po_001154_item_4,item
po_001154_item_5,item
po_001154_gr_1,goods_receipt
po_001154_inv_1,invoice
po_001155,purchase_order
po_001155_item_1,item
po_001155_item_2,item
po_001155_item_3,item
po_001155_gr_1,goods_receipt
po_001155_inv_1,invoice
po_001155_inv_2,invoice
po_001156,purchase_order
po_001156_item_1,item
po_001156_gr_1,goods_receipt
po_001156_inv_1,invoice
po_001157,purchase_order
po_001157_item_1,item
po_001157_item_2,item
po_001157_item_3,item
po_001157_item_4,item
po_001157_item_5,item
po_001157_gr_1,goods_receipt
po_001157_inv_1,invoice
po_001158,purchase_order
po_001158_item_1,item
po_001158_item_2,item
po_001158_gr_1,goods_receipt
po_001158_gr_2,goods_receipt
po_001158_inv_1,invoice
po_001159,purchase_order
po_001159_item_1,item
po_001159_item_2,item
po_001159_gr_1,goods_receipt
po_001159_inv_1,invoice
po_001160,purchase_order
po_001160_item_1,item
po_001160_gr_1,goods_receipt
po_001160_inv_1,invoice
po_001161,purchase_order
po_001161_item_1,item
po_001161_item_2,item
po_001161_item_3,item
po_001161_item_4,item
po_001161_gr_1,goods_receipt
po_001161_inv_1,invoice
po_001161_inv_2,invoice
po_001162,purchase_order
po_001162_item_1,item
po_001162_item_2,item
po_001162_item_3,item
po_001162_item_4,item
po_001162_gr_1,goods_receipt
po_001162_inv_1,invoice
po_001163,purchase_order
po_001163_item_1,item
po_001163_item_2,item
po_001163_gr_1,goods_receipt
po_001163_gr_2,goods_receipt
po_001163_inv_1,invoice
po_001164,purchase_order
po_001164_item_1,item
po_001164_item_2,item
po_001164_gr_1,goods_receipt
po_001164_inv_1,invoice
po_001164_inv_2,invoice
po_001165,purchase_order
po_001165_item_1,item
po_001165_item_2,item
po_001165_item_3,item
po_001165_item_4,item
po_001165_gr_1,goods_receipt
po_001165_inv_1,invoice
po_001166,purchase_order
po_001166_item_1,item
po_001166_item_2,item
po_001166_item_3,item
po_001166_gr_1,goods_receipt
po_001166_inv_1,invoice
po_001167,purchase_order
po_001167_item_1,item
po_001167_item_2,item
po_001167_item_3,item
po_001167_item_4,item
po_001167_item_5,item
po_001167_gr_1,goods_receipt
po_001167_inv_1,invoice
po_001168,purchase_order
po_001168_item_1,item
po_001168_gr_1,goods_receipt
po_001168_inv_1,invoice
po_001169,purchase_order
po_001169_item_1,item
po_001169_item_2,item
po_001169_item_3,item
po_001169_item_4,item
po_001169_gr_1,goods_receipt
po_001169_gr_2,goods_receipt
po_001169_inv_1,invoice
po_001170,purchase_order
po_001170_item_1,item
po_001170_item_2,item
po_001170_item_3,item
po_001170_item_4,item
po_001170_gr_1,goods_receipt
po_001170_inv_1,invoice
po_001170_inv_2,invoice
po_001171,purchase_order
po_001171_item_1,item
po_001171_item_2,item
po_001171_item_3,item
po_001171_item_4,item
po_001171_gr_1,goods_receipt
po_001171_inv_1,invoice
po_001172,purchase_order
po_001172_item_1,item
po_001172_gr_1,goods_receipt
po_001172_inv_1,invoice
po_001173,purchase_order
po_001173_item_1,item
po_001173_item_2,item
po_001173_item_3,item
po_001173_gr_1,goods_receipt
po_001173_inv_1,invoice
po_001174,purchase_order
po_001174_item_1,item
po_001174_item_2,item
po_001174_item_3,item
po_001174_item_4,item
po_001174_item_5,item
po_001174_gr_1,goods_receipt
po_001174_gr_2,goods_receipt
po_001174_inv_1,invoice
po_001175,purchase_order
po_001175_item_1,item
po_001175_item_2,item
po_001175_gr_1,goods_receipt
po_001175_inv_1,invoice
po_001175_inv_2,invoice
po_001176,purchase_order
po_001176_item_1,item
po_001176_gr_1,goods_receipt
po_001176_inv_1,invoice
po_001177,purchase_order
po_001177_item_1,item
po_001177_item_2,item
po_001177_item_3,item
po_001177_gr_1,goods_receipt
po_001177_inv_1,invoice
po_001178,purchase_order
po_001178_item_1,item
po_001178_item_2,item
po_001178_item_3,item
po_001178_item_4,item
po_001178_gr_1,goods_receipt
po_001178_gr_2,goods_receipt
po_001178_inv_1,invoice
po_001179,purchase_order
po_001179_item_1,item
po_001179_item_2,item
po_001179_gr_1,goods_receipt
po_001179_gr_2,goods_receipt
po_001179_inv_1,invoice
po_001180,purchase_order
po_001180_item_1,item
po_001180_item_2,item
po_001180_item_3,item
po_001180_item_4,item
po_001180_item_5,item
po_001180_gr_1,goods_receipt
po_001180_gr_2,goods_receipt
po_001180_inv_1,invoice
po_001181,purchase_order
po_001181_item_1,item
po_001181_item_2,item
po_001181_item_3,item
po_001181_item_4,item
po_001181_item_5,item
po_001181_gr_1,goods_receipt
po_001181_inv_1,invoice
po_001181_inv_2,invoice
po_001182,purchase_order
po_001182_item_1,item
po_001182_item_2,item
po_001182_gr_1,goods_receipt
po_001182_inv_1,invoice
po_001183,purchase_order
po_001183_item_1,item
po_001183_gr_1,goods_receipt
po_001183_inv_1,invoice
po_001184,purchase_order
po_001184_item_1,item
po_001184_item_2,item
po_001184_item_3,item
po_001184_item_4,item
po_001184_item_5,item
po_001184_gr_1,goods_receipt
po_001184_gr_2,goods_receipt
po_001184_inv_1,invoice
po_001184_inv_2,invoice
po_001185,purchase_order
po_001185_item_1,item
po_001185_item_2,item
po_001185_gr_1,goods_receipt
po_001185_inv_1,invoice
po_001186,purchase_order
po_001186_item_1,item
po_001186_item_2,item
po_001186_item_3,item
po_001186_item_4,item
po_001186_item_5,item
po_001186_gr_1,goods_receipt
po_001186_inv_1,invoice
po_001187,purchase_order
po_001187_item_1,item
po_001187_item_2,item
po_001187_item_3,item
po_001187_item_4,item
po_001187_gr_1,goods_receipt
po_001187_gr_2,goods_receipt
po_001187_inv_1,invoice
po_001188,purchase_order
po_001188_item_1,item
po_001188_gr_1,goods_receipt
po_001188_inv_1,invoice
po_001188_inv_2,invoice
po_001189,purchase_order
po_001189_item_1,item
po_001189_item_2,item
po_001189_gr_1,goods_receipt
po_001189_inv_1,invoice
po_001190,purchase_order
po_001190_item_1,item
po_001190_item_2,item
po_001190_item_3,item
po_001190_item_4,item
po_001190_gr_1,goods_receipt
po_001190_inv_1,invoice
po_001190_inv_2,invoice
po_001191,purchase_order
po_001191_item_1,item
po_001191_item_2,item
po_001191_item_3,item
po_001191_item_4,item
po_001191_gr_1,goods_receipt
po_001191_inv_1,invoice
po_001192,purchase_order
po_001192_item_1,item
po_001192_item_2,item
po_001192_gr_1,goods_receipt
po_001192_inv_1,invoice
po_001193,purchase_order
po_001193_item_1,item
po_001193_item_2,item
po_001193_item_3,item
po_001193_item_4,item
po_001193_gr_1,goods_receipt
po_001193_inv_1,invoice
po_001194,purchase_order
po_001194_item_1,item
po_001194_item_2,item
po_001194_item_3,item
po_001194_item_4,item
po_001194_item_5,item
po_001194_gr_1,goods_receipt
po_001194_inv_1,invoice
po_001194_inv_2,invoice
po_001195,purchase_order
po_001195_item_1,item
po_001195_item_2,item
po_001195_item_3,item
po_001195_item_4,item
po_001195_gr_1,goods_receipt
po_001195_inv_1,invoice
po_001196,purchase_order
po_001196_item_1,item
po_001196_item_2,item
po_001196_item_3,item
po_001196_item_4,item
po_001196_gr_1,goods_receipt
po_001196_inv_1,invoice
po_001197,purchase_order
po_001197_item_1,item
po_001197_item_2,item
po_001197_item_3,item
po_001197_item_4,item
po_001197_item_5,item
po_001197_gr_1,goods_receipt
po_001197_inv_1,invoice
po_001198,purchase_order
po_001198_item_1,item
po_001198_item_2,item
po_001198_item_3,item
po_001198_item_4,item
po_001198_item_5,item
po_001198_gr_1,goods_receipt
po_001198_inv_1,invoice
po_001198_inv_2,invoice
po_001199,purchase_order
po_001199_item_1,item
po_001199_item_2,item
po_001199_item_3,item
po_001199_item_4,item
po_001199_gr_1,goods_receipt
po_001199_inv_1,invoice
po_001200,purchase_order
po_001200_item_1,item
po_001200_item_2,item
po_001200_item_3,item
po_001200_gr_1,goods_receipt
po_001200_inv_1,invoice
po_001201,purchase_order
po_001201_item_1,item
po_001201_item_2,item
po_001201_item_3,item
po_001201_item_4,item
po_001201_item_5,item
po_001201_gr_1,goods_receipt
po_001201_inv_1,invoice
po_001202,purchase_order
po_001202_item_1,item
po_001202_item_2,item
po_001202_gr_1,goods_receipt
po_001202_gr_2,goods_receipt
po_001202_inv_1,invoice
po_001203,purchase_order
po_001203_item_1,item
po_001203_item_2,item
po_001203_item_3,item
po_001203_item_4,item
po_001203_gr_1,goods_receipt
po_001203_inv_1,invoice
po_001204,purchase_order
po_001204_item_1,item
po_001204_item_2,item
po_001204_item_3,item
po_001204_gr_1,goods_receipt
po_001204_inv_1,invoice
po_001205,purchase_order
po_001205_item_1,item
po_001205_item_2,item
po_001205_item_3,item
po_001205_gr_1,goods_receipt
po_001205_inv_1,invoice
po_001206,purchase_order
po_001206_item_1,item
po_001206_item_2,item
po_001206_gr_1,goods_receipt
po_001206_gr_2,goods_receipt
po_001206_inv_1,invoice
po_001207,purchase_order
po_001207_item_1,item
po_001207_item_2,item
po_001207_item_3,item
po_001207_item_4,item
po_001207_gr_1,goods_receipt
po_001207_inv_1,invoice
po_001208,purchase_order
po_001208_item_1,item
po_001208_item_2,item
po_001208_gr_1,goods_receipt
po_001208_inv_1,invoice
po_001209,purchase_order
po_001209_item_1,item
po_001209_item_2,item
po_001209_item_3,item
po_001209_gr_1,goods_receipt
po_001209_inv_1,invoice
po_001209_inv_2,invoice
po_001210,purchase_order
po_001210_item_1,item
po_001210_item_2,item
po_001210_item_3,item
po_001210_item_4,item
po_001210_item_5,item
po_001210_gr_1,goods_receipt
po_001210_inv_1,invoice
po_001211,purchase_order
po_001211_item_1,item
po_001211_gr_1,goods_receipt
po_001211_inv_1,invoice
po_001212,purchase_order
po_001212_item_1,item
po_001212_item_2,item
po_001212_item_3,item
po_001212_item_4,item
po_001212_gr_1,goods_receipt
po_001212_inv_1,invoice
po_001213,purchase_order
po_001213_item_1,item
po_001213_gr_1,goods_receipt
po_001213_inv_1,invoice
po_001214,purchase_order
po_001214_item_1,item
po_001214_item_2,item
po_001214_item_3,item
po_001214_gr_1,goods_receipt
po_001214_inv_1,invoice
po_001215,purchase_order
po_001215_item_1,item
po_001215_item_2,item
po_001215_gr_1,goods_receipt
po_001215_inv_1,invoice
po_001216,purchase_order
po_001216_item_1,item
po_001216_gr_1,goods_receipt
po_001216_inv_1,invoice
po_001217,purchase_order
po_001217_item_1,item
po_001217_item_2,item
po_001217_item_3,item
po_001217_gr_1,goods_receipt
po_001217_inv_1,invoice
po_001217_inv_2,invoice
po_001218,purchase_order
po_001218_item_1,item
po_001218_item_2,item
po_001218_item_3,item
po_001218_gr_1,goods_receipt
po_001218_gr_2,goods_receipt
po_001218_inv_1,invoice
po_001219,purchase_order
po_001219_item_1,item
po_001219_item_2,item
po_001219_item_3,item
po_001219_item_4,item
po_001219_item_5,item
po_001219_gr_1,goods_receipt
po_001219_inv_1,invoice
po_001220,purchase_order
po_001220_item_1,item
po_001220_item_2,item
po_001220_item_3,item
po_001220_item_4,item
po_001220_item_5,item
po_001220_gr_1,goods_receipt
po_001220_gr_2,goods_receipt
po_001220_inv_1,invoice
po_001220_inv_2,invoice
po_001221,purchase_order
po_001221_item_1,item
po_001221_gr_1,goods_receipt
po_001221_gr_2,goods_receipt
po_001221_inv_1,invoice
po_001222,purchase_order
po_001222_item_1,item
po_001222_item_2,item
po_001222_item_3,item
po_001222_gr_1,goods_receipt
po_001222_inv_1,invoice
po_001223,purchase_order
po_001223_item_1,item
po_001223_item_2,item
po_001223_item_3,item
po_001223_gr_1,goods_receipt
po_001223_gr_2,goods_receipt
po_001223_inv_1,invoice
po_001224,purchase_order
po_001224_item_1,item
po_001224_item_2,item
po_001224_item_3,item
po_001224_gr_1,goods_receipt
po_001224_inv_1,invoice
po_001224_inv_2,invoice
po_001225,purchase_order
po_001225_item_1,item
po_001225_gr_1,goods_receipt
po_001225_inv_1,invoice
po_001226,purchase_order
po_001226_item_1,item
po_001226_item_2,item
po_001226_gr_1,goods_receipt
po_001226_inv_1,invoice
po_001227,purchase_order
po_001227_item_1,item
po_001227_item_2,item
po_001227_item_3,item
po_001227_item_4,item
po_001227_gr_1,goods_receipt
po_001227_inv_1,invoice
po_001228,purchase_order
po_001228_item_1,item
po_001228_gr_1,goods_receipt
po_001228_inv_1,invoice
po_001229,purchase_order
po_001229_item_1,item
po_001229_item_2,item
po_001229_gr_1,goods_receipt
po_001229_inv_1,invoice
po_001230,purchase_order
po_001230_item_1,item
po_001230_item_2,item
po_001230_item_3,item
po_001230_item_4,item
po_001230_item_5,item
po_001230_gr_1,goods_receipt
po_001230_inv_1,invoice
po_001231,purchase_order
po_001231_item_1,item
po_001231_item_2,item
po_001231_gr_1,goods_receipt
po_001231_inv_1,invoice
po_001232,purchase_order
po_001232_item_1,item
po_001232_gr_1,goods_receipt
po_001232_inv_1,invoice
po_001233,purchase_order
po_001233_item_1,item
po_001233_gr_1,goods_receipt
po_001233_inv_1,invoice
po_001234,purchase_order
po_001234_item_1,item
po_001234_item_2,item
po_001234_item_3,item
po_001234_gr_1,goods_receipt
po_001234_inv_1,invoice
po_001235,purchase_order
po_001235_item_1,item
po_001235_item_2,item
po_001235_gr_1,goods_receipt
po_001235_inv_1,invoice
po_001235_inv_2,invoice
po_001236,purchase_order
po_001236_item_1,item
po_001236_item_2,item
po_001236_item_3,item
po_001236_gr_1,goods_receipt
po_001236_inv_1,invoice
po_001237,purchase_order
po_001237_item_1,item
po_001237_item_2,item
po_001237_gr_1,goods_receipt
po_001237_inv_1,invoice
po_001238,purchase_order
po_001238_item_1,item
po_001238_item_2,item
po_001238_item_3,item
po_001238_item_4,item
po_001238_gr_1,goods_receipt
po_001238_gr_2,goods_receipt
po_001238_inv_1,invoice
po_001239,purchase_order
po_001239_item_1,item
po_001239_item_2,item
po_001239_gr_1,goods_receipt
po_001239_inv_1,invoice
po_001240,purchase_order
po_001240_item_1,item
po_001240_item_2,item
po_001240_item_3,item
po_001240_item_4,item
po_001240_gr_1,goods_receipt
po_001240_inv_1,invoice
po_001241,purchase_order
po_001241_item_1,item
po_001241_gr_1,goods_receipt
po_001241_gr_2,goods_receipt
po_001241_inv_1,invoice
po_001242,purchase_order
po_001242_item_1,item
po_001242_gr_1,goods_receipt
po_001242_gr_2,goods_receipt
po_001242_inv_1,invoice
po_001243,purchase_order
po_001243_item_1,item
po_001243_item_2,item
po_001243_item_3,item
po_001243_item_4,item
po_001243_gr_1,goods_receipt
po_001243_inv_1,invoice
po_001244,purchase_order
po_001244_item_1,item
po_001244_gr_1,goods_receipt
po_001244_inv_1,invoice
po_001245,purchase_order
po_001245_item_1,item
po_001245_item_2,item
po_001245_item_3,item
po_001245_item_4,item
po_001245_item_5,item
po_001245_gr_1,goods_receipt
po_001245_inv_1,invoice
po_001246,purchase_order
po_001246_item_1,item
po_001246_item_2,item
po_001246_gr_1,goods_receipt
po_001246_inv_1,invoice
po_001247,purchase_order
po_001247_item_1,item
po_001247_item_2,item
po_001247_gr_1,goods_receipt
po_001247_inv_1,invoice
po_001248,purchase_order
po_001248_item_1,item
po_001248_item_2,item
po_001248_gr_1,goods_receipt
po_001248_gr_2,goods_receipt
po_001248_inv_1,invoice
po_001249,purchase_order
po_001249_item_1,item
po_001249_item_2,item
po_001249_item_3,item
po_001249_item_4,item
po_001249_item_5,item
po_001249_gr_1,goods_receipt
po_001249_gr_2,goods_receipt
po_001249_inv_1,invoice
po_001250,purchase_order
po_001250_item_1,item
po_001250_item_2,item
po_001250_item_3,item
po_001250_item_4,item
po_001250_item_5,item
po_001250_gr_1,goods_receipt
po_001250_inv_1,invoice
po_001251,purchase_order
po_001251_item_1,item
po_001251_gr_1,goods_receipt
po_001251_inv_1,invoice
po_001251_inv_2,invoice
po_001252,purchase_order
po_001252_item_1,item
po_001252_item_2,item
po_001252_item_3,item
po_001252_gr_1,goods_receipt
po_001252_inv_1,invoice
po_001253,purchase_order
po_001253_item_1,item
po_001253_item_2,item
po_001253_item_3,item
po_001253_item_4,item
po_001253_gr_1,goods_receipt
po_001253_inv_1,invoice
po_001254,purchase_order
po_001254_item_1,item
po_001254_gr_1,goods_receipt
po_001254_inv_1,invoice
po_001254_inv_2,invoice
po_001255,purchase_order
po_001255_item_1,item
po_001255_item_2,item
po_001255_item_3,item
po_001255_item_4,item
po_001255_gr_1,goods_receipt
po_001255_inv_1,invoice
po_001256,purchase_order
po_001256_item_1,item
po_001256_gr_1,goods_receipt
po_001256_inv_1,invoice
po_001257,purchase_order
po_001257_item_1,item
po_001257_item_2,item
po_001257_gr_1,goods_receipt
po_001257_inv_1,invoice
po_001258,purchase_order
po_001258_item_1,item
po_001258_item_2,item
po_001258_item_3,item
po_001258_item_4,item
po_001258_gr_1,goods_receipt
po_001258_gr_2,goods_receipt
po_001258_inv_1,invoice
po_001259,purchase_order
po_001259_item_1,item
po_001259_gr_1,goods_receipt
po_001259_inv_1,invoice
po_001260,purchase_order
po_001260_item_1,item
po_001260_gr_1,goods_receipt
po_001260_inv_1,invoice
po_001261,purchase_order
po_001261_item_1,item
po_001261_item_2,item
po_001261_gr_1,goods_receipt
po_001261_inv_1,invoice
po_001262,purchase_order
po_001262_item_1,item
po_001262_item_2,item
po_001262_item_3,item
po_001262_item_4,item
po_001262_gr_1,goods_receipt
po_001262_inv_1,invoice
po_001263,purchase_order
po_001263_item_1,item
po_001263_item_2,item
po_001263_item_3,item
po_001263_item_4,item
po_001263_gr_1,goods_receipt
po_001263_inv_1,invoice
po_001263_inv_2,invoice
po_001264,purchase_order
po_001264_item_1,item
po_001264_item_2,item
po_001264_item_3,item
po_001264_item_4,item
po_001264_gr_1,goods_receipt
po_001264_gr_2,goods_receipt
po_001264_inv_1,invoice
po_001265,purchase_order
po_001265_item_1,item
po_001265_item_2,item
po_001265_item_3,item
po_001265_gr_1,goods_receipt
po_001265_inv_1,invoice
po_001265_inv_2,invoice
po_001266,purchase_order
po_001266_item_1,item
po_001266_item_2,item
po_001266_gr_1,goods_receipt
po_001266_gr_2,goods_receipt
po_001266_inv_1,invoice
po_001267,purchase_order
po_001267_item_1,item
po_001267_item_2,item
po_001267_item_3,item
po_001267_item_4,item
po_001267_item_5,item
po_001267_gr_1,goods_receipt
po_001267_inv_1,invoice
po_001268,purchase_order
po_001268_item_1,item
po_001268_gr_1,goods_receipt
po_001268_gr_2,goods_receipt
po_001268_inv_1,invoice
po_001269,purchase_order
po_001269_item_1,item
po_001269_item_2,item
po_001269_item_3,item
po_001269_item_4,item
po_001269_item_5,item
po_001269_gr_1,goods_receipt
po_001269_gr_2,goods_receipt
po_001269_inv_1,invoice
po_001269_inv_2,invoice
po_001270,purchase_order
po_001270_item_1,item
po_001270_gr_1,goods_receipt
po_001270_gr_2,goods_receipt
po_001270_inv_1,invoice
po_001271,purchase_order
po_001271_item_1,item
po_001271_gr_1,goods_receipt
po_001271_inv_1,invoice
po_001271_inv_2,invoice
po_001272,purchase_order
po_001272_item_1,item
po_001272_item_2,item
po_001272_item_3,item
po_001272_item_4,item
po_001272_item_5,item
po_001272_gr_1,goods_receipt
po_001272_inv_1,invoice
po_001273,purchase_order
po_001273_item_1,item
po_001273_item_2,item
po_001273_item_3,item
po_001273_item_4,item
po_001273_item_5,item
po_001273_gr_1,goods_receipt
po_001273_gr_2,goods_receipt
po_001273_inv_1,invoice
po_001274,purchase_order
po_001274_item_1,item
po_001274_gr_1,goods_receipt
po_001274_gr_2,goods_receipt
po_001274_inv_1,invoice
po_001275,purchase_order
po_001275_item_1,item
po_001275_item_2,item
po_001275_gr_1,goods_receipt
po_001275_inv_1,invoice
po_001276,purchase_order
po_001276_item_1,item
po_001276_gr_1,goods_receipt
po_001276_inv_1,invoice
po_001276_inv_2,invoice
po_001277,purchase_order
po_001277_item_1,item
po_001277_gr_1,goods_receipt
po_001277_inv_1,invoice
po_001278,purchase_order
po_001278_item_1,item
po_001278_item_2,item
po_001278_item_3,item
po_001278_item_4,item
po_001278_gr_1,goods_receipt
po_001278_inv_1,invoice
po_001279,purchase_order
po_001279_item_1,item
po_001279_gr_1,goods_receipt
po_001279_gr_2,goods_receipt
po_001279_inv_1,invoice
po_001280,purchase_order
po_001280_item_1,item
po_001280_item_2,item
po_001280_item_3,item
po_001280_gr_1,goods_receipt
po_001280_inv_1,invoice
po_001281,purchase_order
po_001281_item_1,item
po_001281_item_2,item
po_001281_item_3,item
po_001281_gr_1,goods_receipt
po_001281_inv_1,invoice
po_001282,purchase_order
po_001282_item_1,item
po_001282_gr_1,goods_receipt
po_001282_inv_1,invoice
po_001283,purchase_order
po_001283_item_1,item
po_001283_gr_1,goods_receipt
po_001283_inv_1,invoice
po_001284,purchase_order
po_001284_item_1,item
po_001284_item_2,item
po_001284_item_3,item
po_001284_item_4,item
po_001284_gr_1,goods_receipt
po_001284_inv_1,invoice
po_001284_inv_2,invoice
po_001285,purchase_order
po_001285_item_1,item
po_001285_gr_1,goods_receipt
po_001285_inv_1,invoice
po_001286,purchase_order
po_001286_item_1,item
po_001286_gr_1,goods_receipt
po_001286_gr_2,goods_receipt
po_001286_inv_1,invoice
po_001287,purchase_order
po_001287_item_1,item
po_001287_item_2,item
po_001287_item_3,item
po_001287_gr_1,goods_receipt
po_001287_inv_1,invoice
po_001288,purchase_order
po_001288_item_1,item
po_001288_item_2,item
po_001288_item_3,item
po_001288_item_4,item
po_001288_gr_1,goods_receipt
po_001288_inv_1,invoice
po_001289,purchase_order
po_001289_item_1,item
po_001289_item_2,item
po_001289_item_3,item
po_001289_item_4,item
po_001289_item_5,item
po_001289_gr_1,goods_receipt
po_001289_gr_2,goods_receipt
po_001289_inv_1,invoice
po_001290,purchase_order
po_001290_item_1,item
po_001290_gr_1,goods_receipt
po_001290_inv_1,invoice
po_001291,purchase_order
po_001291_item_1,item
po_001291_item_2,item
po_001291_item_3,item
po_001291_gr_1,goods_receipt
po_001291_inv_1,invoice
po_001292,purchase_order
po_001292_item_1,item
po_001292_item_2,item
po_001292_gr_1,goods_receipt
po_001292_gr_2,goods_receipt
po_001292_inv_1,invoice
po_001293,purchase_order
po_001293_item_1,item
po_001293_item_2,item
po_001293_item_3,item
po_001293_item_4,item
po_001293_gr_1,goods_receipt
po_001293_gr_2,goods_receipt
po_001293_inv_1,invoice
po_001294,purchase_order
po_001294_item_1,item
po_001294_item_2,item
po_001294_item_3,item
po_001294_item_4,item
po_001294_gr_1,goods_receipt
po_001294_inv_1,invoice
po_001294_inv_2,invoice
po_001295,purchase_order
po_001295_item_1,item
po_001295_item_2,item
po_001295_item_3,item
po_001295_item_4,item
po_001295_gr_1,goods_receipt
po_001295_inv_1,invoice
po_001295_inv_2,invoice
po_001296,purchase_order
po_001296_item_1,item
po_001296_item_2,item
po_001296_item_3,item
po_001296_gr_1,goods_receipt
po_001296_gr_2,goods_receipt
po_001296_inv_1,invoice
po_001296_inv_2,invoice
po_001297,purchase_order
po_001297_item_1,item
po_001297_item_2,item
po_001297_item_3,item
po_001297_item_4,item
po_001297_item_5,item
po_001297_gr_1,goods_receipt
po_001297_inv_1,invoice
po_001298,purchase_order
po_001298_item_1,item
po_001298_item_2,item
po_001298_gr_1,goods_receipt
po_001298_inv_1,invoice
po_001299,purchase_order
po_001299_item_1,item
po_001299_item_2,item
po_001299_item_3,item
po_001299_gr_1,goods_receipt
po_001299_inv_1,invoice
po_001299_inv_2,invoice
po_001300,purchase_order
po_001300_item_1,item
po_001300_item_2,item
po_001300_item_3,item
po_001300_item_4,item
po_001300_item_5,item
po_001300_gr_1,goods_receipt
po_001300_inv_1,invoice
po_001301,purchase_order
po_001301_item_1,item
po_001301_item_2,item
po_001301_item_3,item
po_001301_item_4,item
po_001301_item_5,item
po_001301_gr_1,goods_receipt
po_001301_inv_1,invoice
po_001302,purchase_order
po_001302_item_1,item
po_001302_item_2,item
po_001302_item_3,item
po_001302_gr_1,goods_receipt
po_001302_inv_1,invoice
po_001302_inv_2,invoice
po_001303,purchase_order
po_001303_item_1,item
po_001303_item_2,item
po_001303_gr_1,goods_receipt
po_001303_inv_1,invoice
po_001304,purchase_order
po_001304_item_1,item
po_001304_gr_1,goods_receipt
po_001304_inv_1,invoice
po_001305,purchase_order
po_001305_item_1,item
po_001305_gr_1,goods_receipt
po_001305_gr_2,goods_receipt
po_001305_inv_1,invoice
po_001306,purchase_order
po_001306_item_1,item
po_001306_item_2,item
po_001306_gr_1,goods_receipt
po_001306_gr_2,goods_receipt
po_001306_inv_1,invoice
po_001307,purchase_order
po_001307_item_1,item
po_001307_gr_1,goods_receipt
po_001307_inv_1,invoice
po_001307_inv_2,invoice
po_001308,purchase_order
po_001308_item_1,item
po_001308_item_2,item
po_001308_item_3,item
po_001308_gr_1,goods_receipt
po_001308_inv_1,invoice
po_001309,purchase_order
po_001309_item_1,item
po_001309_item_2,item
po_001309_item_3,item
po_001309_item_4,item
po_001309_gr_1,goods_receipt
po_001309_inv_1,invoice
po_001310,purchase_order
po_001310_item_1,item
po_001310_item_2,item
po_001310_item_3,item
po_001310_gr_1,goods_receipt
po_001310_gr_2,goods_receipt
po_001310_inv_1,invoice
po_001311,purchase_order
po_001311_item_1,item
po_001311_item_2,item
po_001311_item_3,item
po_001311_item_4,item
po_001311_item_5,item
po_001311_gr_1,goods_receipt
po_001311_inv_1,invoice
po_001311_inv_2,invoice
po_001312,purchase_order
po_001312_item_1,item
po_001312_item_2,item
po_001312_gr_1,goods_receipt
po_001312_inv_1,invoice
po_001313,purchase_order
po_001313_item_1,item
po_001313_item_2,item
po_001313_item_3,item
po_001313_item_4,item
po_001313_gr_1,goods_receipt
po_001313_inv_1,invoice
po_001314,purchase_order
po_001314_item_1,item
po_001314_item_2,item
po_001314_item_3,item
po_001314_item_4,item
po_001314_item_5,item
po_001314_gr_1,goods_receipt
po_001314_gr_2,goods_receipt
po_001314_inv_1,invoice
po_001315,purchase_order
po_001315_item_1,item
po_001315_item_2,item
po_001315_item_3,item
po_001315_item_4,item
po_001315_gr_1,goods_receipt
po_001315_gr_2,goods_receipt
po_001315_inv_1,invoice
po_001316,purchase_order
po_001316_item_1,item
po_001316_gr_1,goods_receipt
po_001316_inv_1,invoice
po_001317,purchase_order
po_001317_item_1,item
po_001317_item_2,item
po_001317_item_3,item
po_001317_item_4,item
po_001317_gr_1,goods_receipt
po_001317_gr_2,goods_receipt
po_001317_inv_1,invoice
po_001317_inv_2,invoice
po_001318,purchase_order
po_001318_item_1,item
po_001318_item_2,item
po_001318_gr_1,goods_receipt
po_001318_gr_2,goods_receipt
po_001318_inv_1,invoice
po_001319,purchase_order
po_001319_item_1,item
po_001319_item_2,item
po_001319_gr_1,goods_receipt
po_001319_gr_2,goods_receipt
po_001319_inv_1,invoice
po_001319_inv_2,invoice
po_001320,purchase_order
po_001320_item_1,item
po_001320_item_2,item
po_001320_gr_1,goods_receipt
po_001320_inv_1,invoice
po_001321,purchase_order
po_001321_item_1,item
po_001321_gr_1,goods_receipt
po_001321_inv_1,invoice
po_001322,purchase_order
po_001322_item_1,item
po_001322_item_2,item
po_001322_gr_1,goods_receipt
po_001322_inv_1,invoice
po_001323,purchase_order
po_001323_item_1,item
po_001323_item_2,item
po_001323_item_3,item
po_001323_item_4,item
po_001323_gr_1,goods_receipt
po_001323_gr_2,goods_receipt
po_001323_inv_1,invoice
po_001324,purchase_order
po_001324_item_1,item
po_001324_item_2,item
po_001324_item_3,item
po_001324_item_4,item
po_001324_gr_1,goods_receipt
po_001324_inv_1,invoice
po_001325,purchase_order
po_001325_item_1,item
po_001325_item_2,item
po_001325_gr_1,goods_receipt
po_001325_inv_1,invoice
po_001326,purchase_order
po_001326_item_1,item
po_001326_item_2,item
po_001326_item_3,item
po_001326_gr_1,goods_receipt
po_001326_gr_2,goods_receipt
po_001326_inv_1,invoice
po_001327,purchase_order
po_001327_item_1,item
po_001327_item_2,item
po_001327_item_3,item
po_001327_item_4,item
po_001327_gr_1,goods_receipt
po_001327_inv_1,invoice
po_001328,purchase_order
po_001328_item_1,item
po_001328_gr_1,goods_receipt
po_001328_inv_1,invoice
po_001329,purchase_order
po_001329_item_1,item
po_001329_item_2,item
po_001329_item_3,item
po_001329_item_4,item
po_001329_gr_1,goods_receipt
po_001329_inv_1,invoice
po_001330,purchase_order
po_001330_item_1,item
po_001330_item_2,item
po_001330_item_3,item
po_001330_item_4,item
po_001330_gr_1,goods_receipt
po_001330_inv_1,invoice
po_001331,purchase_order
po_001331_item_1,item
po_001331_item_2,item
po_001331_item_3,item
po_001331_item_4,item
po_001331_item_5,item
po_001331_gr_1,goods_receipt
po_001331_inv_1,invoice
po_001332,purchase_order
po_001332_item_1,item
po_001332_item_2,item
po_001332_item_3,item
po_001332_item_4,item
po_001332_gr_1,goods_receipt
po_001332_inv_1,invoice
po_001333,purchase_order
po_001333_item_1,item
po_001333_item_2,item
po_001333_item_3,item
po_001333_gr_1,goods_receipt
po_001333_inv_1,invoice
po_001334,purchase_order
po_001334_item_1,item
po_001334_gr_1,goods_receipt
po_001334_inv_1,invoice
po_001335,purchase_order
po_001335_item_1,item
po_001335_item_2,item
po_001335_item_3,item
po_001335_item_4,item
po_001335_gr_1,goods_receipt
po_001335_inv_1,invoice
po_001336,purchase_order
po_001336_item_1,item
po_001336_item_2,item
po_001336_item_3,item
po_001336_gr_1,goods_receipt
po_001336_inv_1,invoice
po_001337,purchase_order
po_001337_item_1,item
po_001337_gr_1,goods_receipt
po_001337_inv_1,invoice
po_001338,purchase_order
po_001338_item_1,item
po_001338_item_2,item
po_001338_item_3,item
po_001338_item_4,item
po_001338_item_5,item
po_001338_gr_1,goods_receipt
po_001338_inv_1,invoice
po_001339,purchase_order
po_001339_item_1,item
po_001339_item_2,item
po_001339_item_3,item
po_001339_item_4,item
po_001339_gr_1,goods_receipt
po_001339_inv_1,invoice
po_001340,purchase_order
po_001340_item_1,item
po_001340_item_2,item
po_001340_item_3,item
po_001340_gr_1,goods_receipt
po_001340_gr_2,goods_receipt
po_001340_inv_1,invoice
po_001340_inv_2,invoice
po_001341,purchase_order
po_001341_item_1,item
po_001341_gr_1,goods_receipt
po_001341_inv_1,invoice
po_001342,purchase_order
po_001342_item_1,item
po_001342_item_2,item
po_001342_item_3,item
po_001342_item_4,item
po_001342_item_5,item
po_001342_gr_1,goods_receipt
po_001342_inv_1,invoice
po_001343,purchase_order
po_001343_item_1,item
po_001343_item_2,item
po_001343_item_3,item
po_001343_item_4,item
po_001343_item_5,item
po_001343_gr_1,goods_receipt
po_001343_gr_2,goods_receipt
po_001343_inv_1,invoice
po_001344,purchase_order
po_001344_item_1,item
po_001344_gr_1,goods_receipt
po_001344_inv_1,invoice
po_001345,purchase_order
po_001345_item_1,item
po_001345_item_2,item
po_001345_gr_1,goods_receipt
po_001345_inv_1,invoice
po_001346,purchase_order
po_001346_item_1,item
po_001346_item_2,item
po_001346_item_3,item
po_001346_item_4,item
po_001346_item_5,item
po_001346_gr_1,goods_receipt
po_001346_inv_1,invoice
po_001347,purchase_order
po_001347_item_1,item
po_001347_gr_1,goods_receipt
po_001347_inv_1,invoice
po_001348,purchase_order
po_001348_item_1,item
po_001348_gr_1,goods_receipt
po_001348_inv_1,invoice
po_001349,purchase_order
po_001349_item_1,item
po_001349_item_2,item
po_001349_item_3,item
po_001349_item_4,item
po_001349_gr_1,goods_receipt
po_001349_inv_1,invoice
po_001349_inv_2,invoice
po_001350,purchase_order
po_001350_item_1,item
po_001350_item_2,item
po_001350_gr_1,goods_receipt
po_001350_inv_1,invoice
po_001351,purchase_order
po_001351_item_1,item
po_001351_item_2,item
po_001351_gr_1,goods_receipt
po_001351_gr_2,goods_receipt
po_001351_inv_1,invoice
po_001352,purchase_order
po_001352_item_1,item
po_001352_item_2,item
po_001352_item_3,item
po_001352_item_4,item
po_001352_item_5,item
po_001352_gr_1,goods_receipt
po_001352_inv_1,invoice
po_001353,purchase_order
po_001353_item_1,item
po_001353_gr_1,goods_receipt
po_001353_inv_1,invoice
po_001354,purchase_order
po_001354_item_1,item
po_001354_item_2,item
po_001354_item_3,item
po_001354_item_4,item
po_001354_gr_1,goods_receipt
po_001354_inv_1,invoice
po_001355,purchase_order
po_001355_item_1,item
po_001355_gr_1,goods_receipt
po_001355_inv_1,invoice
po_001356,purchase_order
po_001356_item_1,item
po_001356_item_2,item
po_001356_item_3,item
po_001356_item_4,item
po_001356_gr_1,goods_receipt
po_001356_inv_1,invoice
po_001357,purchase_order
po_001357_item_1,item
po_001357_item_2,item
po_001357_item_3,item
po_001357_item_4,item
po_001357_gr_1,goods_receipt
po_001357_gr_2,goods_receipt
po_001357_inv_1,invoice
po_001357_inv_2,invoice
po_001358,purchase_order
po_001358_item_1,item
po_001358_item_2,item
po_001358_gr_1,goods_receipt
po_001358_inv_1,invoice
po_001359,purchase_order
po_001359_item_1,item
po_001359_gr_1,goods_receipt
po_001359_inv_1,invoice
po_001360,purchase_order
po_001360_item_1,item
po_001360_gr_1,goods_receipt
po_001360_inv_1,invoice
po_001361,purchase_order
po_001361_item_1,item
po_001361_item_2,item
po_001361_item_3,item
po_001361_item_4,item
po_001361_item_5,item
po_001361_gr_1,goods_receipt
po_001361_inv_1,invoice
po_001362,purchase_order
po_001362_item_1,item
po_001362_item_2,item
po_001362_item_3,item
po_001362_item_4,item
po_001362_gr_1,goods_receipt
po_001362_inv_1,invoice
po_001363,purchase_order
po_001363_item_1,item
po_001363_item_2,item
po_001363_item_3,item
po_001363_item_4,item
po_001363_item_5,item
po_001363_gr_1,goods_receipt
po_001363_inv_1,invoice
po_001363_inv_2,invoice
po_001364,purchase_order
po_001364_item_1,item
po_001364_gr_1,goods_receipt
po_001364_inv_1,invoice
po_001365,purchase_order
po_001365_item_1,item
po_001365_gr_1,goods_receipt
po_001365_inv_1,invoice
po_001366,purchase_order
po_001366_item_1,item
po_001366_item_2,item
po_001366_gr_1,goods_receipt
po_001366_inv_1,invoice
po_001367,purchase_order
po_001367_item_1,item
po_001367_gr_1,goods_receipt
po_001367_inv_1,invoice
po_001368,purchase_order
po_001368_item_1,item
po_001368_item_2,item
po_001368_gr_1,goods_receipt
po_001368_inv_1,invoice
po_001369,purchase_order
po_001369_item_1,item
po_001369_gr_1,goods_receipt
po_001369_gr_2,goods_receipt
po_001369_inv_1,invoice
po_001370,purchase_order
po_001370_item_1,item
po_001370_item_2,item
po_001370_item_3,item
po_001370_item_4,item
po_001370_item_5,item
po_001370_gr_1,goods_receipt
po_001370_inv_1,invoice
po_001371,purchase_order
po_001371_item_1,item
po_001371_item_2,item
po_001371_item_3,item
po_001371_item_4,item
po_001371_gr_1,goods_receipt
po_001371_inv_1,invoice
po_001372,purchase_order
po_001372_item_1,item
po_001372_gr_1,goods_receipt
po_001372_inv_1,invoice
po_001373,purchase_order
po_001373_item_1,item
po_001373_item_2,item
po_001373_item_3,item
po_001373_item_4,item
po_001373_gr_1,goods_receipt
po_001373_gr_2,goods_receipt
po_001373_inv_1,invoice
po_001373_inv_2,invoice
po_001374,purchase_order
po_001374_item_1,item
po_001374_item_2,item
po_001374_item_3,item
po_001374_item_4,item
po_001374_gr_1,goods_receipt
po_001374_inv_1,invoice
po_001375,purchase_order
po_001375_item_1,item
po_001375_gr_1,goods_receipt
po_001375_inv_1,invoice
po_001375_inv_2,invoice
po_001376,purchase_order
po_001376_item_1,item
po_001376_item_2,item
po_001376_item_3,item
po_001376_item_4,item
po_001376_item_5,item
po_001376_gr_1,goods_receipt
po_001376_gr_2,goods_receipt
po_001376_inv_1,invoice
po_001377,purchase_order
po_001377_item_1,item
po_001377_item_2,item
po_001377_item_3,item
po_001377_gr_1,goods_receipt
po_001377_inv_1,invoice
po_001378,purchase_order
po_001378_item_1,item
po_001378_item_2,item
po_001378_item_3,item
po_001378_item_4,item
po_001378_item_5,item
po_001378_gr_1,goods_receipt
po_001378_inv_1,invoice
po_001379,purchase_order
po_001379_item_1,item
po_001379_item_2,item
po_001379_gr_1,goods_receipt
po_001379_inv_1,invoice
po_001380,purchase_order
po_001380_item_1,item
po_001380_item_2,item
po_001380_item_3,item
po_001380_item_4,item
po_001380_gr_1,goods_receipt
po_001380_inv_1,invoice
po_001380_inv_2,invoice
po_001381,purchase_order
po_001381_item_1,item
po_001381_gr_1,goods_receipt
po_001381_inv_1,invoice
po_001382,purchase_order
po_001382_item_1,item
po_001382_item_2,item
po_001382_item_3,item
po_001382_gr_1,goods_receipt
po_001382_inv_1,invoice
po_001383,purchase_order
po_001383_item_1,item
po_001383_item_2,item
po_001383_item_3,item
po_001383_item_4,item
po_001383_item_5,item
po_001383_gr_1,goods_receipt
po_001383_inv_1,invoice
po_001384,purchase_order
po_001384_item_1,item
po_001384_item_2,item
po_001384_item_3,item
po_001384_item_4,item
po_001384_gr_1,goods_receipt
po_001384_inv_1,invoice
po_001385,purchase_order
po_001385_item_1,item
po_001385_item_2,item
po_001385_gr_1,goods_receipt
po_001385_gr_2,goods_receipt
po_001385_inv_1,invoice
po_001385_inv_2,invoice
po_001386,purchase_order
po_001386_item_1,item
po_001386_item_2,item
po_001386_item_3,item
po_001386_gr_1,goods_receipt
po_001386_inv_1,invoice
po_001387,purchase_order
po_001387_item_1,item
po_001387_item_2,item
po_001387_gr_1,goods_receipt
po_001387_gr_2,goods_receipt
po_001387_inv_1,invoice
po_001388,purchase_order
po_001388_item_1,item
po_001388_item_2,item
po_001388_item_3,item
po_001388_gr_1,goods_receipt
po_001388_gr_2,goods_receipt
po_001388_inv_1,invoice
po_001389,purchase_order
po_001389_item_1,item
po_001389_gr_1,goods_receipt
po_001389_inv_1,invoice
po_001389_inv_2,invoice
po_001390,purchase_order
po_001390_item_1,item
po_001390_item_2,item
po_001390_gr_1,goods_receipt
po_001390_inv_1,invoice
po_001390_inv_2,invoice
po_001391,purchase_order
po_001391_item_1,item
po_001391_gr_1,goods_receipt
po_001391_inv_1,invoice
po_001392,purchase_order
po_001392_item_1,item
po_001392_item_2,item
po_001392_gr_1,goods_receipt
po_001392_inv_1,invoice
po_001392_inv_2,invoice
po_001393,purchase_order
po_001393_item_1,item
po_001393_gr_1,goods_receipt
po_001393_inv_1,invoice
po_001394,purchase_order
po_001394_item_1,item
po_001394_item_2,item
po_001394_item_3,item
po_001394_item_4,item
po_001394_item_5,item
po_001394_gr_1,goods_receipt
po_001394_inv_1,invoice
po_001395,purchase_order
po_001395_item_1,item
po_001395_item_2,item
po_001395_item_3,item
po_001395_item_4,item
po_001395_item_5,item
po_001395_gr_1,goods_receipt
po_001395_inv_1,invoice
po_001396,purchase_order
po_001396_item_1,item
po_001396_item_2,item
po_001396_gr_1,goods_receipt
po_001396_gr_2,goods_receipt
po_001396_inv_1,invoice
po_001396_inv_2,invoice
po_001397,purchase_order
po_001397_item_1,item
po_001397_item_2,item
po_001397_gr_1,goods_receipt
po_001397_inv_1,invoice
po_001398,purchase_order
po_001398_item_1,item
po_001398_item_2,item
po_001398_item_3,item
po_001398_item_4,item
po_001398_gr_1,goods_receipt
po_001398_gr_2,goods_receipt
po_001398_inv_1,invoice
po_001399,purchase_order
po_001399_item_1,item
po_001399_item_2,item
po_001399_item_3,item
po_001399_gr_1,goods_receipt
po_001399_gr_2,goods_receipt
po_001399_inv_1,invoice
po_001400,purchase_order
po_001400_item_1,item
po_001400_item_2,item
po_001400_item_3,item
po_001400_gr_1,goods_receipt
po_001400_inv_1,invoice
po_001401,purchase_order
po_001401_item_1,item
po_001401_item_2,item
po_001401_item_3,item
po_001401_item_4,item
po_001401_item_5,item
po_001401_gr_1,goods_receipt
po_001401_inv_1,invoice
po_001402,purchase_order
po_001402_item_1,item
po_001402_item_2,item
po_001402_item_3,item
po_001402_item_4,item
po_001402_gr_1,goods_receipt
po_001402_inv_1,invoice
po_001403,purchase_order
po_001403_item_1,item
po_001403_item_2,item
po_001403_item_3,item
po_001403_gr_1,goods_receipt
po_001403_inv_1,invoice
po_001404,purchase_order
po_001404_item_1,item
po_001404_item_2,item
po_001404_item_3,item
po_001404_gr_1,goods_receipt
po_001404_inv_1,invoice
po_001405,purchase_order
po_001405_item_1,item
po_001405_item_2,item
po_001405_item_3,item
po_001405_item_4,item
po_001405_gr_1,goods_receipt
po_001405_inv_1,invoice
po_001405_inv_2,invoice
po_001406,purchase_order
po_001406_item_1,item
po_001406_item_2,item
po_001406_item_3,item
po_001406_item_4,item
po_001406_item_5,item
po_001406_gr_1,goods_receipt
po_001406_inv_1,invoice
po_001407,purchase_order
po_001407_item_1,item
po_001407_item_2,item
po_001407_item_3,item
po_001407_item_4,item
po_001407_item_5,item
po_001407_gr_1,goods_receipt
po_001407_inv_1,invoice
po_001407_inv_2,invoice
po_001408,purchase_order
po_001408_item_1,item
po_001408_item_2,item
po_001408_item_3,item
po_001408_gr_1,goods_receipt
po_001408_inv_1,invoice
po_001408_inv_2,invoice
po_001409,purchase_order
po_001409_item_1,item
po_001409_gr_1,goods_receipt
po_001409_inv_1,invoice
po_001410,purchase_order
po_001410_item_1,item
po_001410_gr_1,goods_receipt
po_001410_inv_1,invoice
po_001411,purchase_order
po_001411_item_1,item
po_001411_item_2,item
po_001411_gr_1,goods_receipt
po_001411_gr_2,goods_receipt
po_001411_inv_1,invoice
po_001412,purchase_order
po_001412_item_1,item
po_001412_item_2,item
po_001412_gr_1,goods_receipt
po_001412_inv_1,invoice
po_001412_inv_2,invoice
po_001413,purchase_order
po_001413_item_1,item
po_001413_item_2,item
po_001413_item_3,item
po_001413_item_4,item
po_001413_gr_1,goods_receipt
po_001413_inv_1,invoice
po_001414,purchase_order
po_001414_item_1,item
po_001414_item_2,item
po_001414_item_3,item
po_001414_gr_1,goods_receipt
po_001414_inv_1,invoice
po_001415,purchase_order
po_001415_item_1,item
po_001415_item_2,item
po_001415_item_3,item
po_001415_item_4,item
po_001415_item_5,item
po_001415_gr_1,goods_receipt
po_001415_inv_1,invoice
po_001416,purchase_order
po_001416_item_1,item
po_001416_item_2,item
po_001416_item_3,item
po_001416_item_4,item
po_001416_gr_1,goods_receipt
po_001416_inv_1,invoice
po_001417,purchase_order
po_001417_item_1,item
po_001417_item_2,item
po_001417_item_3,item
po_001417_item_4,item
po_001417_item_5,item
po_001417_gr_1,goods_receipt
po_001417_inv_1,invoice
po_001418,purchase_order
po_001418_item_1,item
po_001418_item_2,item
po_001418_item_3,item
po_001418_item_4,item
po_001418_item_5,item
po_001418_gr_1,goods_receipt
po_001418_inv_1,invoice
po_001419,purchase_order
po_001419_item_1,item
po_001419_item_2,item
po_001419_item_3,item
po_001419_item_4,item
po_001419_gr_1,goods_receipt
po_001419_gr_2,goods_receipt
po_001419_inv_1,invoice
po_001420,purchase_order
po_001420_item_1,item
po_001420_item_2,item
po_001420_item_3,item
po_001420_item_4,item
po_001420_item_5,item
po_001420_gr_1,goods_receipt
po_001420_inv_1,invoice
po_001421,purchase_order
po_001421_item_1,item
po_001421_item_2,item
po_001421_item_3,item
po_001421_item_4,item
po_001421_gr_1,goods_receipt
po_001421_inv_1,invoice
po_001422,purchase_order
po_001422_item_1,item
po_001422_gr_1,goods_receipt
po_001422_inv_1,invoice
po_001423,purchase_order
po_001423_item_1,item
po_001423_item_2,item
po_001423_item_3,item
po_001423_item_4,item
po_001423_gr_1,goods_receipt
po_001423_inv_1,invoice
po_001424,purchase_order
po_001424_item_1,item
po_001424_item_2,item
po_001424_item_3,item
po_001424_item_4,item
po_001424_item_5,item
po_001424_gr_1,goods_receipt
po_001424_inv_1,invoice
po_001425,purchase_order
po_001425_item_1,item
po_001425_item_2,item
po_001425_item_3,item
po_001425_gr_1,goods_receipt
po_001425_inv_1,invoice
po_001426,purchase_order
po_001426_item_1,item
po_001426_item_2,item
po_001426_item_3,item
po_001426_item_4,item
po_001426_gr_1,goods_receipt
po_001426_inv_1,invoice
po_001427,purchase_order
po_001427_item_1,item
po_001427_item_2,item
po_001427_item_3,item
po_001427_gr_1,goods_receipt
po_001427_inv_1,invoice
po_001428,purchase_order
po_001428_item_1,item
po_001428_item_2,item
po_001428_gr_1,goods_receipt
po_001428_inv_1,invoice
po_001429,purchase_order
po_001429_item_1,item
po_001429_item_2,item
po_001429_gr_1,goods_receipt
po_001429_inv_1,invoice
po_001430,purchase_order
po_001430_item_1,item
po_001430_item_2,item
po_001430_item_3,item
po_001430_gr_1,goods_receipt
po_001430_gr_2,goods_receipt
po_001430_inv_1,invoice
po_001431,purchase_order
po_001431_item_1,item
po_001431_item_2,item
po_001431_item_3,item
po_001431_item_4,item
po_001431_gr_1,goods_receipt
po_001431_inv_1,invoice
po_001432,purchase_order
po_001432_item_1,item
po_001432_gr_1,goods_receipt
po_001432_inv_1,invoice
po_001433,purchase_order
po_001433_item_1,item
po_001433_item_2,item
po_001433_item_3,item
po_001433_item_4,item
po_001433_gr_1,goods_receipt
po_001433_inv_1,invoice
po_001434,purchase_order
po_001434_item_1,item
po_001434_item_2,item
po_001434_gr_1,goods_receipt
po_001434_inv_1,invoice
po_001435,purchase_order
po_001435_item_1,item
po_001435_item_2,item
po_001435_item_3,item
po_001435_item_4,item
po_001435_gr_1,goods_receipt
po_001435_inv_1,invoice
po_001436,purchase_order
po_001436_item_1,item
po_001436_item_2,item
po_001436_item_3,item
po_001436_item_4,item
po_001436_item_5,item
po_001436_gr_1,goods_receipt
po_001436_inv_1,invoice
po_001437,purchase_order
po_001437_item_1,item
po_001437_item_2,item
po_001437_item_3,item
po_001437_gr_1,goods_receipt
po_001437_gr_2,goods_receipt
po_001437_inv_1,invoice
po_001438,purchase_order
po_001438_item_1,item
po_001438_gr_1,goods_receipt
po_001438_inv_1,invoice
po_001439,purchase_order
po_001439_item_1,item
po_001439_item_2,item
po_001439_item_3,item
po_001439_item_4,item
po_001439_gr_1,goods_receipt
po_001439_inv_1,invoice
po_001440,purchase_order
po_001440_item_1,item
po_001440_item_2,item
po_001440_item_3,item
po_001440_gr_1,goods_receipt
po_001440_inv_1,invoice
po_001440_inv_2,invoice
po_001441,purchase_order
po_001441_item_1,item
po_001441_item_2,item
po_001441_gr_1,goods_receipt
po_001441_inv_1,invoice
po_001442,purchase_order
po_001442_item_1,item
po_001442_item_2,item
po_001442_gr_1,goods_receipt
po_001442_inv_1,invoice
po_001443,purchase_order
po_001443_item_1,item
po_001443_item_2,item
po_001443_item_3,item
po_001443_item_4,item
po_001443_item_5,item
po_001443_gr_1,goods_receipt
po_001443_inv_1,invoice
po_001444,purchase_order
po_001444_item_1,item
po_001444_item_2,item
po_001444_item_3,item
po_001444_item_4,item
po_001444_item_5,item
po_001444_gr_1,goods_receipt
po_001444_inv_1,invoice
po_001445,purchase_order
po_001445_item_1,item
po_001445_item_2,item
po_001445_gr_1,goods_receipt
po_001445_gr_2,goods_receipt
po_001445_inv_1,invoice
po_001446,purchase_order
po_001446_item_1,item
po_001446_item_2,item
po_001446_gr_1,goods_receipt
po_001446_inv_1,invoice
po_001447,purchase_order
po_001447_item_1,item
po_001447_item_2,item
po_001447_gr_1,goods_receipt
po_001447_inv_1,invoice
po_001447_inv_2,invoice
po_001448,purchase_order
po_001448_item_1,item
po_001448_item_2,item
po_001448_item_3,item
po_001448_item_4,item
po_001448_item_5,item
po_001448_gr_1,goods_receipt
po_001448_inv_1,invoice
po_001449,purchase_order
po_001449_item_1,item
po_001449_item_2,item
po_001449_item_3,item
po_001449_gr_1,goods_receipt
po_001449_inv_1,invoice
po_001450,purchase_order
po_001450_item_1,item
po_001450_item_2,item
po_001450_item_3,item
po_001450_gr_1,goods_receipt
po_001450_inv_1,invoice
po_001451,purchase_order
po_001451_item_1,item
po_001451_item_2,item
po_001451_item_3,item
po_001451_item_4,item
po_001451_item_5,item
po_001451_gr_1,goods_receipt
po_001451_inv_1,invoice
po_001452,purchase_order
po_001452_item_1,item
po_001452_item_2,item
po_001452_gr_1,goods_receipt
po_001452_gr_2,goods_receipt
po_001452_inv_1,invoice
po_001453,purchase_order
po_001453_item_1,item
po_001453_item_2,item
po_001453_gr_1,goods_receipt
po_001453_inv_1,invoice
po_001454,purchase_order
po_001454_item_1,item
po_001454_item_2,item
po_001454_gr_1,goods_receipt
po_001454_inv_1,invoice
po_001455,purchase_order
po_001455_item_1,item
po_001455_item_2,item
po_001455_gr_1,goods_receipt
po_001455_inv_1,invoice
po_001456,purchase_order
po_001456_item_1,item
po_001456_item_2,item
po_001456_item_3,item
po_001456_item_4,item
po_001456_gr_1,goods_receipt
po_001456_gr_2,goods_receipt
po_001456_inv_1,invoice
po_001457,purchase_order
po_001457_item_1,item
po_001457_item_2,item
po_001457_item_3,item
po_001457_gr_1,goods_receipt
po_001457_gr_2,goods_receipt
po_001457_inv_1,invoice
po_001457_inv_2,invoice
po_001458,purchase_order
po_001458_item_1,item
po_001458_gr_1,goods_receipt
po_001458_inv_1,invoice
po_001458_inv_2,invoice
po_001459,purchase_order
po_001459_item_1,item
po_001459_item_2,item
po_001459_item_3,item
po_001459_gr_1,goods_receipt
po_001459_inv_1,invoice
po_001460,purchase_order
po_001460_item_1,item
po_001460_item_2,item
po_001460_item_3,item
po_001460_item_4,item
po_001460_item_5,item
po_001460_gr_1,goods_receipt
po_001460_inv_1,invoice
po_001461,purchase_order
po_001461_item_1,item
po_001461_item_2,item
po_001461_gr_1,goods_receipt
po_001461_inv_1,invoice
po_001462,purchase_order
po_001462_item_1,item
po_001462_gr_1,goods_receipt
po_001462_inv_1,invoice
po_001463,purchase_order
po_001463_item_1,item
po_001463_item_2,item
po_001463_item_3,item
po_001463_gr_1,goods_receipt
po_001463_inv_1,invoice
po_001463_inv_2,invoice
po_001464,purchase_order
po_001464_item_1,item
po_001464_item_2,item
po_001464_item_3,item
po_001464_item_4,item
po_001464_gr_1,goods_receipt
po_001464_inv_1,invoice
po_001465,purchase_order
po_001465_item_1,item
po_001465_item_2,item
po_001465_item_3,item
po_001465_item_4,item
po_001465_gr_1,goods_receipt
po_001465_gr_2,goods_receipt
po_001465_inv_1,invoice
po_001465_inv_2,invoice
po_001466,purchase_order
po_001466_item_1,item
po_001466_item_2,item
po_001466_gr_1,goods_receipt
po_001466_inv_1,invoice
po_001467,purchase_order
po_001467_item_1,item
po_001467_item_2,item
po_001467_gr_1,goods_receipt
po_001467_inv_1,invoice
po_001467_inv_2,invoice
po_001468,purchase_order
po_001468_item_1,item
po_001468_item_2,item
po_001468_item_3,item
po_001468_gr_1,goods_receipt
po_001468_inv_1,invoice
po_001469,purchase_order
po_001469_item_1,item
po_001469_gr_1,goods_receipt
po_001469_inv_1,invoice
po_001470,purchase_order
po_001470_item_1,item
po_001470_item_2,item
po_001470_item_3,item
po_001470_gr_1,goods_receipt
po_001470_inv_1,invoice
po_001470_inv_2,invoice
po_001471,purchase_order
po_001471_item_1,item
po_001471_gr_1,goods_receipt
po_001471_inv_1,invoice
po_001472,purchase_order
po_001472_item_1,item
po_001472_item_2,item
po_001472_item_3,item
po_001472_item_4,item
po_001472_item_5,item
po_001472_gr_1,goods_receipt
po_001472_gr_2,goods_receipt
po_001472_inv_1,invoice
po_001473,purchase_order
po_001473_item_1,item
po_001473_item_2,item
po_001473_gr_1,goods_receipt
po_001473_gr_2,goods_receipt
po_001473_inv_1,invoice
po_001473_inv_2,invoice
po_001474,purchase_order
po_001474_item_1,item
po_001474_item_2,item
po_001474_item_3,item
po_001474_gr_1,goods_receipt
po_001474_inv_1,invoice
po_001475,purchase_order
po_001475_item_1,item
po_001475_item_2,item
po_001475_item_3,item
po_001475_item_4,item
po_001475_gr_1,goods_receipt
po_001475_inv_1,invoice
po_001476,purchase_order
po_001476_item_1,item
po_001476_item_2,item
po_001476_item_3,item
po_001476_gr_1,goods_receipt
po_001476_gr_2,goods_receipt
po_001476_inv_1,invoice
po_001476_inv_2,invoice
po_001477,purchase_order
po_001477_item_1,item
po_001477_item_2,item
po_001477_item_3,item
po_001477_item_4,item
po_001477_gr_1,goods_receipt
po_001477_inv_1,invoice
po_001478,purchase_order
po_001478_item_1,item
po_001478_item_2,item
po_001478_gr_1,goods_receipt
po_001478_inv_1,invoice
po_001478_inv_2,invoice
po_001479,purchase_order
po_001479_item_1,item
po_001479_gr_1,goods_receipt
po_001479_inv_1,invoice
po_001480,purchase_order
po_001480_item_1,item
po_001480_item_2,item
po_001480_item_3,item
po_001480_gr_1,goods_receipt
po_001480_gr_2,goods_receipt
po_001480_inv_1,invoice
po_001481,purchase_order
po_001481_item_1,item
po_001481_item_2,item
po_001481_gr_1,goods_receipt
po_001481_gr_2,goods_receipt
po_001481_inv_1,invoice
po_001482,purchase_order
po_001482_item_1,item
po_001482_item_2,item
po_001482_item_3,item
po_001482_item_4,item
po_001482_gr_1,goods_receipt
po_001482_inv_1,invoice
po_001483,purchase_order
po_001483_item_1,item
po_001483_item_2,item
po_001483_item_3,item
po_001483_gr_1,goods_receipt
po_001483_inv_1,invoice
po_001483_inv_2,invoice
po_001484,purchase_order
po_001484_item_1,item
po_001484_item_2,item
po_001484_item_3,item
po_001484_gr_1,goods_receipt
po_001484_inv_1,invoice
po_001485,purchase_order
po_001485_item_1,item
po_001485_item_2,item
po_001485_gr_1,goods_receipt
po_001485_inv_1,invoice
po_001486,purchase_order
po_001486_item_1,item
po_001486_item_2,item
po_001486_gr_1,goods_receipt
po_001486_inv_1,invoice
po_001487,purchase_order
po_001487_item_1,item
po_001487_item_2,item
po_001487_item_3,item
po_001487_item_4,item
po_001487_gr_1,goods_receipt
po_001487_inv_1,invoice
po_001488,purchase_order
po_001488_item_1,item
po_001488_item_2,item
po_001488_item_3,item
po_001488_gr_1,goods_receipt
po_001488_inv_1,invoice
po_001489,purchase_order
po_001489_item_1,item
po_001489_item_2,item
po_001489_gr_1,goods_receipt
po_001489_inv_1,invoice
po_001490,purchase_order
po_001490_item_1,item
po_001490_item_2,item
po_001490_gr_1,goods_receipt
po_001490_inv_1,invoice
po_001491,purchase_order
po_001491_item_1,item
po_001491_item_2,item
po_001491_gr_1,goods_receipt
po_001491_gr_2,goods_receipt
po_001491_inv_1,invoice
po_001492,purchase_order
po_001492_item_1,item
po_001492_gr_1,goods_receipt
po_001492_inv_1,invoice
po_001493,purchase_order
po_001493_item_1,item
po_001493_item_2,item
po_001493_item_3,item
po_001493_item_4,item
po_001493_gr_1,goods_receipt
po_001493_inv_1,invoice
po_001494,purchase_order
po_001494_item_1,item
po_001494_item_2,item
po_001494_item_3,item
po_001494_item_4,item
po_001494_item_5,item
po_001494_gr_1,goods_receipt
po_001494_gr_2,goods_receipt
po_001494_inv_1,invoice
po_001494_inv_2,invoice
po_001495,purchase_order
po_001495_item_1,item
po_001495_gr_1,goods_receipt
po_001495_inv_1,invoice
po_001496,purchase_order
po_001496_item_1,item
po_001496_item_2,item
po_001496_gr_1,goods_receipt
po_001496_gr_2,goods_receipt
po_001496_inv_1,invoice
po_001497,purchase_order
po_001497_item_1,item
po_001497_item_2,item
po_001497_gr_1,goods_receipt
po_001497_inv_1,invoice
po_001498,purchase_order
po_001498_item_1,item
po_001498_item_2,item
po_001498_gr_1,goods_receipt
po_001498_gr_2,goods_receipt
po_001498_inv_1,invoice
po_001499,purchase_order
po_001499_item_1,item
po_001499_item_2,item
po_001499_gr_1,goods_receipt
po_001499_inv_1,invoice
po_001500,purchase_order
po_001500_item_1,item
po_001500_item_2,item
po_001500_item_3,item
po_001500_item_4,item
po_001500_gr_1,goods_receipt
po_001500_inv_1,invoice
po_001501,purchase_order
po_001501_item_1,item
po_001501_item_2,item
po_001501_gr_1,goods_receipt
po_001501_inv_1,invoice
po_001501_inv_2,invoice
po_001502,purchase_order
po_001502_item_1,item
po_001502_item_2,item
po_001502_gr_1,goods_receipt
po_001502_inv_1,invoice
po_001502_inv_2,invoice
po_001503,purchase_order
po_001503_item_1,item
po_001503_item_2,item
po_001503_item_3,item
po_001503_item_4,item
po_001503_item_5,item
po_001503_gr_1,goods_receipt
po_001503_inv_1,invoice
po_001504,purchase_order
po_001504_item_1,item
po_001504_item_2,item
po_001504_item_3,item
po_001504_item_4,item
po_001504_gr_1,goods_receipt
po_001504_inv_1,invoice
po_001505,purchase_order
po_001505_item_1,item
po_001505_item_2,item
po_001505_gr_1,goods_receipt
po_001505_inv_1,invoice
po_001506,purchase_order
po_001506_item_1,item
po_001506_item_2,item
po_001506_item_3,item
po_001506_gr_1,goods_receipt
po_001506_inv_1,invoice
po_001506_inv_2,invoice
po_001507,purchase_order
po_001507_item_1,item
po_001507_item_2,item
po_001507_item_3,item
po_001507_item_4,item
po_001507_gr_1,goods_receipt
po_001507_inv_1,invoice
po_001508,purchase_order
po_001508_item_1,item
po_001508_item_2,item
po_001508_item_3,item
po_001508_item_4,item
po_001508_gr_1,goods_receipt
po_001508_inv_1,invoice
po_001509,purchase_order
po_001509_item_1,item
po_001509_gr_1,goods_receipt
po_001509_inv_1,invoice
po_001509_inv_2,invoice
po_001510,purchase_order
po_001510_item_1,item
po_001510_item_2,item
po_001510_item_3,item
po_001510_item_4,item
po_001510_item_5,item
po_001510_gr_1,goods_receipt
po_001510_gr_2,goods_receipt
po_001510_inv_1,invoice
po_001511,purchase_order
po_001511_item_1,item
po_001511_item_2,item
po_001511_item_3,item
po_001511_item_4,item
po_001511_item_5,item
po_001511_gr_1,goods_receipt
po_001511_gr_2,goods_receipt
po_001511_inv_1,invoice
po_001512,purchase_order
po_001512_item_1,item
po_001512_item_2,item
po_001512_item_3,item
po_001512_gr_1,goods_receipt
po_001512_inv_1,invoice
po_001513,purchase_order
po_001513_item_1,item
po_001513_gr_1,goods_receipt
po_001513_gr_2,goods_receipt
po_001513_inv_1,invoice
po_001514,purchase_order
po_001514_item_1,item
po_001514_gr_1,goods_receipt
po_001514_inv_1,invoice
po_001515,purchase_order
po_001515_item_1,item
po_001515_item_2,item
po_001515_gr_1,goods_receipt
po_001515_inv_1,invoice
po_001515_inv_2,invoice
po_001516,purchase_order
po_001516_item_1,item
po_001516_gr_1,goods_receipt
po_001516_inv_1,invoice
po_001517,purchase_order
po_001517_item_1,item
po_001517_item_2,item
po_001517_item_3,item
po_001517_gr_1,goods_receipt
po_001517_inv_1,invoice
po_001517_inv_2,invoice
po_001518,purchase_order
po_001518_item_1,item
po_001518_item_2,item
po_001518_gr_1,goods_receipt
po_001518_inv_1,invoice
po_001518_inv_2,invoice
po_001519,purchase_order
po_001519_item_1,item
po_001519_item_2,item
po_001519_item_3,item
po_001519_item_4,item
po_001519_gr_1,goods_receipt
po_001519_inv_1,invoice
po_001520,purchase_order
po_001520_item_1,item
po_001520_item_2,item
po_001520_item_3,item
po_001520_item_4,item
po_001520_item_5,item
po_001520_gr_1,goods_receipt
po_001520_inv_1,invoice
po_001521,purchase_order
po_001521_item_1,item
po_001521_gr_1,goods_receipt
po_001521_inv_1,invoice
po_001522,purchase_order
po_001522_item_1,item
po_001522_item_2,item
po_001522_item_3,item
po_001522_item_4,item
po_001522_gr_1,goods_receipt
po_001522_inv_1,invoice
po_001523,purchase_order
po_001523_item_1,item
po_001523_gr_1,goods_receipt
po_001523_gr_2,goods_receipt
po_001523_inv_1,invoice
po_001524,purchase_order
po_001524_item_1,item
po_001524_item_2,item
po_001524_item_3,item
po_001524_item_4,item
po_001524_gr_1,goods_receipt
po_001524_inv_1,invoice
po_001525,purchase_order
po_001525_item_1,item
po_001525_item_2,item
po_001525_item_3,item
po_001525_item_4,item
po_001525_gr_1,goods_receipt
po_001525_inv_1,invoice
po_001526,purchase_order
po_001526_item_1,item
po_001526_item_2,item
po_001526_gr_1,goods_receipt
po_001526_gr_2,goods_receipt
po_001526_inv_1,invoice
po_001526_inv_2,invoice
po_001527,purchase_order
po_001527_item_1,item
po_001527_item_2,item
po_001527_item_3,item
po_001527_item_4,item
po_001527_gr_1,goods_receipt
po_001527_inv_1,invoice
po_001528,purchase_order
po_001528_item_1,item
po_001528_item_2,item
po_001528_item_3,item
po_001528_item_4,item
po_001528_gr_1,goods_receipt
po_001528_inv_1,invoice
po_001529,purchase_order
po_001529_item_1,item
po_001529_item_2,item
po_001529_item_3,item
po_001529_item_4,item
po_001529_item_5,item
po_001529_gr_1,goods_receipt
po_001529_gr_2,goods_receipt
po_001529_inv_1,invoice
po_001530,purchase_order
po_001530_item_1,item
po_001530_item_2,item
po_001530_item_3,item
po_001530_gr_1,goods_receipt
po_001530_inv_1,invoice
po_001531,purchase_order
po_001531_item_1,item
po_001531_item_2,item
po_001531_item_3,item
po_001531_gr_1,goods_receipt
po_001531_inv_1,invoice
po_001532,purchase_order
po_001532_item_1,item
po_001532_item_2,item
po_001532_item_3,item
po_001532_item_4,item
po_001532_gr_1,goods_receipt
po_001532_inv_1,invoice
po_001533,purchase_order
po_001533_item_1,item
po_001533_item_2,item
po_001533_gr_1,goods_receipt
po_001533_inv_1,invoice
po_001534,purchase_order
po_001534_item_1,item
po_001534_item_2,item
po_001534_item_3,item
po_001534_item_4,item
po_001534_item_5,item
po_001534_gr_1,goods_receipt
po_001534_inv_1,invoice
po_001535,purchase_order
po_001535_item_1,item
po_001535_item_2,item
po_001535_item_3,item
po_001535_item_4,item
po_001535_item_5,item
po_001535_gr_1,goods_receipt
po_001535_inv_1,invoice
po_001536,purchase_order
po_001536_item_1,item
po_001536_item_2,item
po_001536_item_3,item
po_001536_item_4,item
po_001536_item_5,item
po_001536_gr_1,goods_receipt
po_001536_inv_1,invoice
po_001537,purchase_order
po_001537_item_1,item
po_001537_item_2,item
po_001537_item_3,item
po_001537_gr_1,goods_receipt
po_001537_inv_1,invoice
po_001538,purchase_order
po_001538_item_1,item
po_001538_item_2,item
po_001538_item_3,item
po_001538_item_4,item
po_001538_item_5,item
po_001538_gr_1,goods_receipt
po_001538_inv_1,invoice
po_001538_inv_2,invoice
po_001539,purchase_order
po_001539_item_1,item
po_001539_item_2,item
po_001539_item_3,item
po_001539_item_4,item
po_001539_item_5,item
po_001539_gr_1,goods_receipt
po_001539_inv_1,invoice
po_001540,purchase_order
po_001540_item_1,item
po_001540_item_2,item
po_001540_gr_1,goods_receipt
po_001540_inv_1,invoice
po_001541,purchase_order
po_001541_item_1,item
po_001541_item_2,item
po_001541_item_3,item
po_001541_item_4,item
po_001541_item_5,item
po_001541_gr_1,goods_receipt
po_001541_inv_1,invoice
po_001541_inv_2,invoice
po_001542,purchase_order
po_001542_item_1,item
po_001542_item_2,item
po_001542_gr_1,goods_receipt
po_001542_inv_1,invoice
po_001543,purchase_order
po_001543_item_1,item
po_001543_item_2,item
po_001543_item_3,item
po_001543_item_4,item
po_001543_gr_1,goods_receipt
po_001543_inv_1,invoice
po_001544,purchase_order
po_001544_item_1,item
po_001544_gr_1,goods_receipt
po_001544_gr_2,goods_receipt
po_001544_inv_1,invoice
po_001545,purchase_order
po_001545_item_1,item
po_001545_item_2,item
po_001545_item_3,item
po_001545_item_4,item
po_001545_gr_1,goods_receipt
po_001545_inv_1,invoice
po_001545_inv_2,invoice
po_001546,purchase_order
po_001546_item_1,item
po_001546_item_2,item
po_001546_item_3,item
po_001546_item_4,item
po_001546_gr_1,goods_receipt
po_001546_gr_2,goods_receipt
po_001546_inv_1,invoice
po_001547,purchase_order
po_001547_item_1,item
po_001547_item_2,item
po_001547_item_3,item
po_001547_gr_1,goods_receipt
po_001547_inv_1,invoice
po_001548,purchase_order
po_001548_item_1,item
po_001548_gr_1,goods_receipt
po_001548_inv_1,invoice
po_001549,purchase_order
po_001549_item_1,item
po_001549_item_2,item
po_001549_item_3,item
po_001549_gr_1,goods_receipt
po_001549_inv_1,invoice
po_001550,purchase_order
po_001550_item_1,item
po_001550_item_2,item
po_001550_item_3,item
po_001550_gr_1,goods_receipt
po_001550_inv_1,invoice
po_001551,purchase_order
po_001551_item_1,item
po_001551_item_2,item
po_001551_item_3,item
po_001551_gr_1,goods_receipt
po_001551_inv_1,invoice
po_001552,purchase_order
po_001552_item_1,item
po_001552_item_2,item
po_001552_item_3,item
po_001552_gr_1,goods_receipt
po_001552_inv_1,invoice
po_001553,purchase_order
po_001553_item_1,item
po_001553_item_2,item
po_001553_item_3,item
po_001553_item_4,item
po_001553_item_5,item
po_001553_gr_1,goods_receipt
po_001553_inv_1,invoice
po_001554,purchase_order
po_001554_item_1,item
po_001554_item_2,item
po_001554_item_3,item
po_001554_item_4,item
po_001554_gr_1,goods_receipt
po_001554_inv_1,invoice
po_001554_inv_2,invoice
po_001555,purchase_order
po_001555_item_1,item
po_001555_gr_1,goods_receipt
po_001555_inv_1,invoice
po_001556,purchase_order
po_001556_item_1,item
po_001556_item_2,item
po_001556_item_3,item
po_001556_item_4,item
po_001556_item_5,item
po_001556_gr_1,goods_receipt
po_001556_inv_1,invoice
po_001557,purchase_order
po_001557_item_1,item
po_001557_item_2,item
po_001557_item_3,item
po_001557_item_4,item
po_001557_item_5,item
po_001557_gr_1,goods_receipt
po_001557_inv_1,invoice
po_001558,purchase_order
po_001558_item_1,item
po_001558_item_2,item
po_001558_item_3,item
po_001558_item_4,item
po_001558_item_5,item
po_001558_gr_1,goods_receipt
po_001558_inv_1,invoice
po_001559,purchase_order
po_001559_item_1,item
po_001559_item_2,item
po_001559_item_3,item
po_001559_item_4,item
po_001559_item_5,item
po_001559_gr_1,goods_receipt
po_001559_inv_1,invoice
po_001560,purchase_order
po_001560_item_1,item
po_001560_item_2,item
po_001560_item_3,item
po_001560_item_4,item
po_001560_gr_1,goods_receipt
po_001560_inv_1,invoice
po_001561,purchase_order
po_001561_item_1,item
po_001561_item_2,item
po_001561_item_3,item
po_001561_item_4,item
po_001561_item_5,item
po_001561_gr_1,goods_receipt
po_001561_inv_1,invoice
po_001562,purchase_order
po_001562_item_1,item
po_001562_item_2,item
po_001562_item_3,item
po_001562_gr_1,goods_receipt
po_001562_gr_2,goods_receipt
po_001562_inv_1,invoice
po_001562_inv_2,invoice
po_001563,purchase_order
po_001563_item_1,item
po_001563_gr_1,goods_receipt
po_001563_inv_1,invoice
po_001564,purchase_order
po_001564_item_1,item
po_001564_item_2,item
po_001564_gr_1,goods_receipt
po_001564_inv_1,invoice
po_001565,purchase_order
po_001565_item_1,item
po_001565_item_2,item
po_001565_gr_1,goods_receipt
po_001565_inv_1,invoice
po_001565_inv_2,invoice
po_001566,purchase_order
po_001566_item_1,item
po_001566_item_2,item
po_001566_item_3,item
po_001566_gr_1,goods_receipt
po_001566_inv_1,invoice
po_001567,purchase_order
po_001567_item_1,item
po_001567_item_2,item
po_001567_item_3,item
po_001567_item_4,item
po_001567_gr_1,goods_receipt
po_001567_inv_1,invoice
po_001568,purchase_order
po_001568_item_1,item
po_001568_item_2,item
po_001568_item_3,item
po_001568_gr_1,goods_receipt
po_001568_inv_1,invoice
po_001569,purchase_order
po_001569_item_1,item
po_001569_item_2,item
po_001569_item_3,item
po_001569_item_4,item
po_001569_item_5,item
po_001569_gr_1,goods_receipt
po_001569_gr_2,goods_receipt
po_001569_inv_1,invoice
po_001570,purchase_order
po_001570_item_1,item
po_001570_item_2,item
po_001570_item_3,item
po_001570_gr_1,goods_receipt
po_001570_inv_1,invoice
po_001570_inv_2,invoice
po_001571,purchase_order
po_001571_item_1,item
po_001571_item_2,item
po_001571_item_3,item
po_001571_item_4,item
po_001571_item_5,item
po_001571_gr_1,goods_receipt
po_001571_inv_1,invoice
po_001572,purchase_order
po_001572_item_1,item
po_001572_item_2,item
po_001572_item_3,item
po_001572_gr_1,goods_receipt
po_001572_gr_2,goods_receipt
po_001572_inv_1,invoice
po_001573,purchase_order
po_001573_item_1,item
po_001573_item_2,item
po_001573_gr_1,goods_receipt
po_001573_inv_1,invoice
po_001574,purchase_order
po_001574_item_1,item
po_001574_item_2,item
po_001574_item_3,item
po_001574_item_4,item
po_001574_gr_1,goods_receipt
po_001574_inv_1,invoice
po_001575,purchase_order
po_001575_item_1,item
po_001575_item_2,item
po_001575_item_3,item
po_001575_item_4,item
po_001575_item_5,item
po_001575_gr_1,goods_receipt
po_001575_inv_1,invoice
po_001576,purchase_order
po_001576_item_1,item
po_001576_item_2,item
po_001576_item_3,item
po_001576_item_4,item
po_001576_gr_1,goods_receipt
po_001576_inv_1,invoice
po_001577,purchase_order
po_001577_item_1,item
po_001577_item_2,item
po_001577_item_3,item
po_001577_item_4,item
po_001577_item_5,item
po_001577_gr_1,goods_receipt
po_001577_inv_1,invoice
po_001578,purchase_order
po_001578_item_1,item
po_001578_item_2,item
po_001578_item_3,item
po_001578_item_4,item
po_001578_gr_1,goods_receipt
po_001578_inv_1,invoice
po_001579,purchase_order
po_001579_item_1,item
po_001579_item_2,item
po_001579_item_3,item
po_001579_item_4,item
po_001579_gr_1,goods_receipt
po_001579_gr_2,goods_receipt
po_001579_inv_1,invoice
po_001580,purchase_order
po_001580_item_1,item
po_001580_item_2,item
po_001580_item_3,item
po_001580_item_4,item
po_001580_item_5,item
po_001580_gr_1,goods_receipt
po_001580_inv_1,invoice
po_001581,purchase_order
po_001581_item_1,item
po_001581_item_2,item
po_001581_item_3,item
po_001581_item_4,item
po_001581_gr_1,goods_receipt
po_001581_inv_1,invoice
po_001581_inv_2,invoice
po_001582,purchase_order
po_001582_item_1,item
po_001582_item_2,item
po_001582_item_3,item
po_001582_item_4,item
po_001582_gr_1,goods_receipt
po_001582_inv_1,invoice
po_001582_inv_2,invoice
po_001583,purchase_order
po_001583_item_1,item
po_001583_item_2,item
po_001583_item_3,item
po_001583_item_4,item
po_001583_item_5,item
po_001583_gr_1,goods_receipt
po_001583_inv_1,invoice
po_001584,purchase_order
po_001584_item_1,item
po_001584_item_2,item
po_001584_item_3,item
po_001584_gr_1,goods_receipt
po_001584_inv_1,invoice
po_001585,purchase_order
po_001585_item_1,item
po_001585_item_2,item
po_001585_item_3,item
po_001585_item_4,item
po_001585_item_5,item
po_001585_gr_1,goods_receipt
po_001585_gr_2,goods_receipt
po_001585_inv_1,invoice
po_001586,purchase_order
po_001586_item_1,item
po_001586_item_2,item
po_001586_gr_1,goods_receipt
po_001586_inv_1,invoice
po_001587,purchase_order
po_001587_item_1,item
po_001587_item_2,item
po_001587_item_3,item
po_001587_item_4,item
po_001587_item_5,item
po_001587_gr_1,goods_receipt
po_001587_inv_1,invoice
po_001588,purchase_order
po_001588_item_1,item
po_001588_item_2,item
po_001588_item_3,item
po_001588_item_4,item
po_001588_gr_1,goods_receipt
po_001588_inv_1,invoice
po_001589,purchase_order
po_001589_item_1,item
po_001589_item_2,item
po_001589_item_3,item
po_001589_item_4,item
po_001589_item_5,item
po_001589_gr_1,goods_receipt
po_001589_inv_1,invoice
po_001590,purchase_order
po_001590_item_1,item
po_001590_item_2,item
po_001590_gr_1,goods_receipt
po_001590_inv_1,invoice
po_001591,purchase_order
po_001591_item_1,item
po_001591_item_2,item
po_001591_item_3,item
po_001591_gr_1,goods_receipt
po_001591_inv_1,invoice
po_001592,purchase_order
po_001592_item_1,item
po_001592_item_2,item
po_001592_item_3,item
po_001592_item_4,item
po_001592_gr_1,goods_receipt
po_001592_inv_1,invoice
po_001593,purchase_order
po_001593_item_1,item
po_001593_item_2,item
po_001593_item_3,item
po_001593_item_4,item
po_001593_gr_1,goods_receipt
po_001593_inv_1,invoice
po_001594,purchase_order
po_001594_item_1,item
po_001594_item_2,item
po_001594_item_3,item
po_001594_item_4,item
po_001594_item_5,item
po_001594_gr_1,goods_receipt
po_001594_inv_1,invoice
po_001595,purchase_order
po_001595_item_1,item
po_001595_gr_1,goods_receipt
po_001595_inv_1,invoice
po_001596,purchase_order
po_001596_item_1,item
po_001596_gr_1,goods_receipt
po_001596_gr_2,goods_receipt
po_001596_inv_1,invoice
po_001597,purchase_order
po_001597_item_1,item
po_001597_item_2,item
po_001597_item_3,item
po_001597_gr_1,goods_receipt
po_001597_gr_2,goods_receipt
po_001597_inv_1,invoice
po_001598,purchase_order
po_001598_item_1,item
po_001598_item_2,item
po_001598_item_3,item
po_001598_gr_1,goods_receipt
po_001598_gr_2,goods_receipt
po_001598_inv_1,invoice
po_001599,purchase_order
po_001599_item_1,item
po_001599_item_2,item
po_001599_item_3,item
po_001599_gr_1,goods_receipt
po_001599_inv_1,invoice
po_001600,purchase_order
po_001600_item_1,item
po_001600_gr_1,goods_receipt
po_001600_gr_2,goods_receipt
po_001600_inv_1,invoice
po_001601,purchase_order
po_001601_item_1,item
po_001601_gr_1,goods_receipt
po_001601_inv_1,invoice
po_001602,purchase_order
po_001602_item_1,item
po_001602_gr_1,goods_receipt
po_001602_inv_1,invoice
po_001603,purchase_order
po_001603_item_1,item
po_001603_item_2,item
po_001603_gr_1,goods_receipt
po_001603_inv_1,invoice
po_001604,purchase_order
po_001604_item_1,item
po_001604_item_2,item
po_001604_item_3,item
po_001604_item_4,item
po_001604_gr_1,goods_receipt
po_001604_inv_1,invoice
po_001605,purchase_order
po_001605_item_1,item
po_001605_item_2,item
po_001605_item_3,item
po_001605_item_4,item
po_001605_item_5,item
po_001605_gr_1,goods_receipt
po_001605_inv_1,invoice
po_001606,purchase_order
po_001606_item_1,item
po_001606_item_2,item
po_001606_item_3,item
po_001606_item_4,item
po_001606_item_5,item
po_001606_gr_1,goods_receipt
po_001606_inv_1,invoice
po_001607,purchase_order
po_001607_item_1,item
po_001607_item_2,item
po_001607_item_3,item
po_001607_item_4,item
po_001607_item_5,item
po_001607_gr_1,goods_receipt
po_001607_inv_1,invoice
po_001608,purchase_order
po_001608_item_1,item
po_001608_item_2,item
po_001608_item_3,item
po_001608_item_4,item
po_001608_gr_1,goods_receipt
po_001608_inv_1,invoice
po_001609,purchase_order
po_001609_item_1,item
po_001609_gr_1,goods_receipt
po_001609_inv_1,invoice
po_001609_inv_2,invoice
po_001610,purchase_order
po_001610_item_1,item
po_001610_gr_1,goods_receipt
po_001610_inv_1,invoice
po_001611,purchase_order
po_001611_item_1,item
po_001611_item_2,item
po_001611_item_3,item
po_001611_item_4,item
po_001611_item_5,item
po_001611_gr_1,goods_receipt
po_001611_inv_1,invoice
po_001612,purchase_order
po_001612_item_1,item
po_001612_item_2,item
po_001612_gr_1,goods_receipt
po_001612_gr_2,goods_receipt
po_001612_inv_1,invoice
po_001613,purchase_order
po_001613_item_1,item
po_001613_item_2,item
po_001613_item_3,item
po_001613_item_4,item
po_001613_item_5,item
po_001613_gr_1,goods_receipt
po_001613_inv_1,invoice
po_001614,purchase_order
po_001614_item_1,item
po_001614_item_2,item
po_001614_gr_1,goods_receipt
po_001614_gr_2,goods_receipt
po_001614_inv_1,invoice
po_001615,purchase_order
po_001615_item_1,item
po_001615_item_2,item
po_001615_item_3,item
po_001615_item_4,item
po_001615_item_5,item
po_001615_gr_1,goods_receipt
po_001615_inv_1,invoice
po_001616,purchase_order
po_001616_item_1,item
po_001616_gr_1,goods_receipt
po_001616_gr_2,goods_receipt
po_001616_inv_1,invoice
po_001616_inv_2,invoice
po_001617,purchase_order
po_001617_item_1,item
po_001617_gr_1,goods_receipt
po_001617_inv_1,invoice
po_001618,purchase_order
po_001618_item_1,item
po_001618_item_2,item
po_001618_item_3,item
po_001618_item_4,item
po_001618_gr_1,goods_receipt
po_001618_inv_1,invoice
po_001619,purchase_order
po_001619_item_1,item
po_001619_item_2,item
po_001619_item_3,item
po_001619_item_4,item
po_001619_item_5,item
po_001619_gr_1,goods_receipt
po_001619_inv_1,invoice
po_001620,purchase_order
po_001620_item_1,item
po_001620_item_2,item
po_001620_item_3,item
po_001620_item_4,item
po_001620_gr_1,goods_receipt
po_001620_gr_2,goods_receipt
po_001620_inv_1,invoice
po_001621,purchase_order
po_001621_item_1,item
po_001621_gr_1,goods_receipt
po_001621_inv_1,invoice
po_001622,purchase_order
po_001622_item_1,item
po_001622_item_2,item
po_001622_gr_1,goods_receipt
po_001622_inv_1,invoice
po_001623,purchase_order
po_001623_item_1,item
po_001623_item_2,item
po_001623_item_3,item
po_001623_item_4,item
po_001623_gr_1,goods_receipt
po_001623_inv_1,invoice
po_001624,purchase_order
po_001624_item_1,item
po_001624_item_2,item
po_001624_item_3,item
po_001624_gr_1,goods_receipt
po_001624_inv_1,invoice
po_001625,purchase_order
po_001625_item_1,item
po_001625_item_2,item
po_001625_item_3,item
po_001625_item_4,item
po_001625_gr_1,goods_receipt
po_001625_inv_1,invoice
po_001626,purchase_order
po_001626_item_1,item
po_001626_item_2,item
po_001626_item_3,item
po_001626_item_4,item
po_001626_gr_1,goods_receipt
po_001626_inv_1,invoice
po_001627,purchase_order
po_001627_item_1,item
po_001627_item_2,item
po_001627_item_3,item
po_001627_item_4,item
po_001627_item_5,item
po_001627_gr_1,goods_receipt
po_001627_inv_1,invoice
po_001628,purchase_order
po_001628_item_1,item
po_001628_item_2,item
po_001628_item_3,item
po_001628_item_4,item
po_001628_item_5,item
po_001628_gr_1,goods_receipt
po_001628_inv_1,invoice
po_001629,purchase_order
po_001629_item_1,item
po_001629_item_2,item
po_001629_item_3,item
po_001629_item_4,item
po_001629_item_5,item
po_001629_gr_1,goods_receipt
po_001629_inv_1,invoice
po_001630,purchase_order
po_001630_item_1,item
po_001630_gr_1,goods_receipt
po_001630_inv_1,invoice
po_001630_inv_2,invoice
po_001631,purchase_order
po_001631_item_1,item
po_001631_item_2,item
po_001631_item_3,item
po_001631_gr_1,goods_receipt
po_001631_inv_1,invoice
po_001632,purchase_order
po_001632_item_1,item
po_001632_item_2,item
po_001632_gr_1,goods_receipt
po_001632_inv_1,invoice
po_001632_inv_2,invoice
po_001633,purchase_order
po_001633_item_1,item
po_001633_item_2,item
po_001633_item_3,item
po_001633_item_4,item
po_001633_item_5,item
po_001633_gr_1,goods_receipt
po_001633_inv_1,invoice
po_001634,purchase_order
po_001634_item_1,item
po_001634_item_2,item
po_001634_gr_1,goods_receipt
po_001634_inv_1,invoice
po_001634_inv_2,invoice
po_001635,purchase_order
po_001635_item_1,item
po_001635_gr_1,goods_receipt
po_001635_inv_1,invoice
po_001636,purchase_order
po_001636_item_1,item
po_001636_item_2,item
po_001636_gr_1,goods_receipt
po_001636_gr_2,goods_receipt
po_001636_inv_1,invoice
po_001637,purchase_order
po_001637_item_1,item
po_001637_item_2,item
po_001637_item_3,item
po_001637_item_4,item
po_001637_item_5,item
po_001637_gr_1,goods_receipt
po_001637_inv_1,invoice
po_001638,purchase_order
po_001638_item_1,item
po_001638_gr_1,goods_receipt
po_001638_inv_1,invoice
po_001639,purchase_order
po_001639_item_1,item
po_001639_item_2,item
po_001639_item_3,item
po_001639_item_4,item
po_001639_item_5,item
po_001639_gr_1,goods_receipt
po_001639_inv_1,invoice
po_001640,purchase_order
po_001640_item_1,item
po_001640_item_2,item
po_001640_gr_1,goods_receipt
po_001640_inv_1,invoice
po_001641,purchase_order
po_001641_item_1,item
po_001641_item_2,item
po_001641_item_3,item
po_001641_gr_1,goods_receipt
po_001641_inv_1,invoice
po_001642,purchase_order
po_001642_item_1,item
po_001642_item_2,item
po_001642_gr_1,goods_receipt
po_001642_inv_1,invoice
po_001643,purchase_order
po_001643_item_1,item
po_001643_item_2,item
po_001643_item_3,item
po_001643_gr_1,goods_receipt
po_001643_inv_1,invoice
po_001644,purchase_order
po_001644_item_1,item
po_001644_item_2,item
po_001644_item_3,item
po_001644_gr_1,goods_receipt
po_001644_gr_2,goods_receipt
po_001644_inv_1,invoice
po_001645,purchase_order
po_001645_item_1,item
po_001645_gr_1,goods_receipt
po_001645_inv_1,invoice
po_001646,purchase_order
po_001646_item_1,item
po_001646_item_2,item
po_001646_gr_1,goods_receipt
po_001646_inv_1,invoice
po_001647,purchase_order
po_001647_item_1,item
po_001647_item_2,item
po_001647_gr_1,goods_receipt
po_001647_gr_2,goods_receipt
po_001647_inv_1,invoice
po_001648,purchase_order
po_001648_item_1,item
po_001648_gr_1,goods_receipt
po_001648_inv_1,invoice
po_001649,purchase_order
po_001649_item_1,item
po_001649_gr_1,goods_receipt
po_001649_inv_1,invoice
po_001650,purchase_order
po_001650_item_1,item
po_001650_gr_1,goods_receipt
po_001650_inv_1,invoice
po_001651,purchase_order
po_001651_item_1,item
po_001651_item_2,item
po_001651_item_3,item
po_001651_item_4,item
po_001651_gr_1,goods_receipt
po_001651_inv_1,invoice
po_001652,purchase_order
po_001652_item_1,item
po_001652_item_2,item
po_001652_item_3,item
po_001652_item_4,item
po_001652_item_5,item
po_001652_gr_1,goods_receipt
po_001652_inv_1,invoice
po_001653,purchase_order
po_001653_item_1,item
po_001653_gr_1,goods_receipt
po_001653_inv_1,invoice
po_001654,purchase_order
po_001654_item_1,item
po_001654_item_2,item
po_001654_gr_1,goods_receipt
po_001654_inv_1,invoice
po_001655,purchase_order
po_001655_item_1,item
po_001655_item_2,item
po_001655_item_3,item
po_001655_gr_1,goods_receipt
po_001655_inv_1,invoice
po_001655_inv_2,invoice
po_001656,purchase_order
po_001656_item_1,item
po_001656_item_2,item
po_001656_item_3,item
po_001656_gr_1,goods_receipt
po_001656_inv_1,invoice
po_001657,purchase_order
po_001657_item_1,item
po_001657_item_2,item
po_001657_gr_1,goods_receipt
po_001657_inv_1,invoice
po_001658,purchase_order
po_001658_item_1,item
po_001658_item_2,item
po_001658_item_3,item
po_001658_item_4,item
po_001658_item_5,item
po_001658_gr_1,goods_receipt
po_001658_inv_1,invoice
po_001659,purchase_order
po_001659_item_1,item
po_001659_item_2,item
po_001659_item_3,item
po_001659_gr_1,goods_receipt
po_001659_inv_1,invoice
po_001660,purchase_order
po_001660_item_1,item
po_001660_item_2,item
po_001660_item_3,item
po_001660_gr_1,goods_receipt
po_001660_inv_1,invoice
po_001661,purchase_order
po_001661_item_1,item
po_001661_item_2,item
po_001661_item_3,item
po_001661_gr_1,goods_receipt
po_001661_gr_2,goods_receipt
po_001661_inv_1,invoice
po_001662,purchase_order
po_001662_item_1,item
po_001662_item_2,item
po_001662_item_3,item
po_001662_item_4,item
po_001662_item_5,item
po_001662_gr_1,goods_receipt
po_001662_inv_1,invoice
po_001663,purchase_order
po_001663_item_1,item
po_001663_item_2,item
po_001663_item_3,item
po_001663_gr_1,goods_receipt
po_001663_inv_1,invoice
po_001664,purchase_order
po_001664_item_1,item
po_001664_item_2,item
po_001664_item_3,item
po_001664_item_4,item
po_001664_gr_1,goods_receipt
po_001664_inv_1,invoice
po_001665,purchase_order
po_001665_item_1,item
po_001665_item_2,item
po_001665_item_3,item
po_001665_item_4,item
po_001665_item_5,item
po_001665_gr_1,goods_receipt
po_001665_inv_1,invoice
po_001666,purchase_order
po_001666_item_1,item
po_001666_item_2,item
po_001666_gr_1,goods_receipt
po_001666_inv_1,invoice
po_001667,purchase_order
po_001667_item_1,item
po_001667_item_2,item
po_001667_item_3,item
po_001667_item_4,item
po_001667_item_5,item
po_001667_gr_1,goods_receipt
po_001667_inv_1,invoice
po_001667_inv_2,invoice
po_001668,purchase_order
po_001668_item_1,item
po_001668_item_2,item
po_001668_item_3,item
po_001668_item_4,item
po_001668_gr_1,goods_receipt
po_001668_inv_1,invoice
po_001668_inv_2,invoice
po_001669,purchase_order
po_001669_item_1,item
po_001669_item_2,item
po_001669_item_3,item
po_001669_gr_1,goods_receipt
po_001669_inv_1,invoice
po_001670,purchase_order
po_001670_item_1,item
po_001670_item_2,item
po_001670_gr_1,goods_receipt
po_001670_gr_2,goods_receipt
po_001670_inv_1,invoice
po_001671,purchase_order
po_001671_item_1,item
po_001671_item_2,item
po_001671_item_3,item
po_001671_item_4,item
po_001671_gr_1,goods_receipt
po_001671_inv_1,invoice
po_001672,purchase_order
po_001672_item_1,item
po_001672_item_2,item
po_001672_item_3,item
po_001672_item_4,item
po_001672_gr_1,goods_receipt
po_001672_inv_1,invoice
po_001673,purchase_order
po_001673_item_1,item
po_001673_item_2,item
po_001673_item_3,item
po_001673_gr_1,goods_receipt
po_001673_inv_1,invoice
po_001674,purchase_order
po_001674_item_1,item
po_001674_gr_1,goods_receipt
po_001674_gr_2,goods_receipt
po_001674_inv_1,invoice
po_001675,purchase_order
po_001675_item_1,item
po_001675_item_2,item
po_001675_item_3,item
po_001675_item_4,item
po_001675_item_5,item
po_001675_gr_1,goods_receipt
po_001675_gr_2,goods_receipt
po_001675_inv_1,invoice
po_001676,purchase_order
po_001676_item_1,item
po_001676_item_2,item
po_001676_item_3,item
po_001676_item_4,item
po_001676_gr_1,goods_receipt
po_001676_inv_1,invoice
po_001677,purchase_order
po_001677_item_1,item
po_001677_item_2,item
po_001677_item_3,item
po_001677_gr_1,goods_receipt
po_001677_inv_1,invoice
po_001678,purchase_order
po_001678_item_1,item
po_001678_item_2,item
po_001678_item_3,item
po_001678_item_4,item
po_001678_item_5,item
po_001678_gr_1,goods_receipt
po_001678_inv_1,invoice
po_001679,purchase_order
po_001679_item_1,item
po_001679_gr_1,goods_receipt
po_001679_inv_1,invoice
po_001679_inv_2,invoice
po_001680,purchase_order
po_001680_item_1,item
po_001680_gr_1,goods_receipt
po_001680_inv_1,invoice
po_001681,purchase_order
po_001681_item_1,item
po_001681_item_2,item
po_001681_item_3,item
po_001681_item_4,item
po_001681_gr_1,goods_receipt
po_001681_inv_1,invoice
po_001682,purchase_order
po_001682_item_1,item
po_001682_item_2,item
po_001682_gr_1,goods_receipt
po_001682_inv_1,invoice
po_001683,purchase_order
po_001683_item_1,item
po_001683_item_2,item
po_001683_gr_1,goods_receipt
po_001683_inv_1,invoice
po_001684,purchase_order
po_001684_item_1,item
po_001684_item_2,item
po_001684_item_3,item
po_001684_gr_1,goods_receipt
po_001684_gr_2,goods_receipt
po_001684_inv_1,invoice
po_001685,purchase_order
po_001685_item_1,item
po_001685_item_2,item
po_001685_gr_1,goods_receipt
po_001685_inv_1,invoice
po_001686,purchase_order
po_001686_item_1,item
po_001686_item_2,item
po_001686_item_3,item
po_001686_item_4,item
po_001686_gr_1,goods_receipt
po_001686_inv_1,invoice
po_001687,purchase_order
po_001687_item_1,item
po_001687_item_2,item
po_001687_item_3,item
po_001687_item_4,item
po_001687_gr_1,goods_receipt
po_001687_inv_1,invoice
po_001688,purchase_order
po_001688_item_1,item
po_001688_gr_1,goods_receipt
po_001688_inv_1,invoice
po_001689,purchase_order
po_001689_item_1,item
po_001689_item_2,item
po_001689_item_3,item
po_001689_gr_1,goods_receipt
po_001689_inv_1,invoice
po_001690,purchase_order
po_001690_item_1,item
po_001690_item_2,item
po_001690_item_3,item
po_001690_item_4,item
po_001690_item_5,item
po_001690_gr_1,goods_receipt
po_001690_inv_1,invoice
po_001691,purchase_order
po_001691_item_1,item
po_001691_item_2,item
po_001691_item_3,item
po_001691_item_4,item
po_001691_gr_1,goods_receipt
po_001691_inv_1,invoice
po_001692,purchase_order
po_001692_item_1,item
po_001692_item_2,item
po_001692_item_3,item
po_001692_item_4,item
po_001692_item_5,item
po_001692_gr_1,goods_receipt
po_001692_inv_1,invoice
po_001693,purchase_order
po_001693_item_1,item
po_001693_item_2,item
po_001693_item_3,item
po_001693_gr_1,goods_receipt
po_001693_inv_1,invoice
po_001694,purchase_order
po_001694_item_1,item
po_001694_item_2,item
po_001694_item_3,item
po_001694_item_4,item
po_001694_gr_1,goods_receipt
po_001694_inv_1,invoice
po_001695,purchase_order
po_001695_item_1,item
po_001695_item_2,item
po_001695_item_3,item
po_001695_item_4,item
po_001695_gr_1,goods_receipt
po_001695_gr_2,goods_receipt
po_001695_inv_1,invoice
po_001695_inv_2,invoice
po_001696,purchase_order
po_001696_item_1,item
po_001696_item_2,item
po_001696_item_3,item
po_001696_item_4,item
po_001696_gr_1,goods_receipt
po_001696_inv_1,invoice
po_001697,purchase_order
po_001697_item_1,item
po_001697_item_2,item
po_001697_item_3,item
po_001697_item_4,item
po_001697_item_5,item
po_001697_gr_1,goods_receipt
po_001697_inv_1,invoice
po_001698,purchase_order
po_001698_item_1,item
po_001698_item_2,item
po_001698_item_3,item
po_001698_item_4,item
po_001698_gr_1,goods_receipt
po_001698_inv_1,invoice
po_001699,purchase_order
po_001699_item_1,item
po_001699_item_2,item
po_001699_item_3,item
po_001699_item_4,item
po_001699_gr_1,goods_receipt
po_001699_gr_2,goods_receipt
po_001699_inv_1,invoice
po_001700,purchase_order
po_001700_item_1,item
po_001700_item_2,item
po_001700_item_3,item
po_001700_item_4,item
po_001700_gr_1,goods_receipt
po_001700_inv_1,invoice
po_001701,purchase_order
po_001701_item_1,item
po_001701_item_2,item
po_001701_item_3,item
po_001701_item_4,item
po_001701_gr_1,goods_receipt
po_001701_inv_1,invoice
po_001702,purchase_order
po_001702_item_1,item
po_001702_gr_1,goods_receipt
po_001702_inv_1,invoice
po_001703,purchase_order
po_001703_item_1,item
po_001703_gr_1,goods_receipt
po_001703_inv_1,invoice
po_001704,purchase_order
po_001704_item_1,item
po_001704_item_2,item
po_001704_item_3,item
po_001704_item_4,item
po_001704_gr_1,goods_receipt
po_001704_inv_1,invoice
po_001705,purchase_order
po_001705_item_1,item
po_001705_item_2,item
po_001705_gr_1,goods_receipt
po_001705_inv_1,invoice
po_001706,purchase_order
po_001706_item_1,item
po_001706_item_2,item
po_001706_item_3,item
po_001706_gr_1,goods_receipt
po_001706_inv_1,invoice
po_001707,purchase_order
po_001707_item_1,item
po_001707_item_2,item
po_001707_gr_1,goods_receipt
po_001707_inv_1,invoice
po_001708,purchase_order
po_001708_item_1,item
po_001708_item_2,item
po_001708_item_3,item
po_001708_item_4,item
po_001708_item_5,item
po_001708_gr_1,goods_receipt
po_001708_inv_1,invoice
po_001709,purchase_order
po_001709_item_1,item
po_001709_item_2,item
po_001709_item_3,item
po_001709_gr_1,goods_receipt
po_001709_inv_1,invoice
po_001710,purchase_order
po_001710_item_1,item
po_001710_gr_1,goods_receipt
po_001710_inv_1,invoice
po_001711,purchase_order
po_001711_item_1,item
po_001711_item_2,item
po_001711_item_3,item
po_001711_item_4,item
po_001711_item_5,item
po_001711_gr_1,goods_receipt
po_001711_inv_1,invoice
po_001712,purchase_order
po_001712_item_1,item
po_001712_item_2,item
po_001712_item_3,item
po_001712_gr_1,goods_receipt
po_001712_inv_1,invoice
po_001713,purchase_order
po_001713_item_1,item
po_001713_item_2,item
po_001713_item_3,item
po_001713_item_4,item
po_001713_item_5,item
po_001713_gr_1,goods_receipt
po_001713_inv_1,invoice
po_001714,purchase_order
po_001714_item_1,item
po_001714_item_2,item
po_001714_item_3,item
po_001714_gr_1,goods_receipt
po_001714_inv_1,invoice
po_001714_inv_2,invoice
po_001715,purchase_order
po_001715_item_1,item
po_001715_item_2,item
po_001715_item_3,item
po_001715_item_4,item
po_001715_gr_1,goods_receipt
po_001715_inv_1,invoice
po_001716,purchase_order
po_001716_item_1,item
po_001716_item_2,item
po_001716_gr_1,goods_receipt
po_001716_inv_1,invoice
po_001716_inv_2,invoice
po_001717,purchase_order
po_001717_item_1,item
po_001717_item_2,item
po_001717_item_3,item
po_001717_gr_1,goods_receipt
po_001717_gr_2,goods_receipt
po_001717_inv_1,invoice
po_001718,purchase_order
po_001718_item_1,item
po_001718_gr_1,goods_receipt
po_001718_inv_1,invoice
po_001719,purchase_order
po_001719_item_1,item
po_001719_item_2,item
po_001719_item_3,item
po_001719_item_4,item
po_001719_item_5,item
po_001719_gr_1,goods_receipt
po_001719_inv_1,invoice
po_001720,purchase_order
po_001720_item_1,item
po_001720_gr_1,goods_receipt
po_001720_inv_1,invoice
po_001721,purchase_order
po_001721_item_1,item
po_001721_item_2,item
po_001721_item_3,item
po_001721_item_4,item
po_001721_gr_1,goods_receipt
po_001721_inv_1,invoice
po_001722,purchase_order
po_001722_item_1,item
po_001722_item_2,item
po_001722_item_3,item
po_001722_item_4,item
po_001722_gr_1,goods_receipt
po_001722_inv_1,invoice
po_001723,purchase_order
po_001723_item_1,item
po_001723_gr_1,goods_receipt
po_001723_inv_1,invoice
po_001724,purchase_order
po_001724_item_1,item
po_001724_gr_1,goods_receipt
po_001724_inv_1,invoice
po_001725,purchase_order
po_001725_item_1,item
po_001725_item_2,item
po_001725_item_3,item
po_001725_item_4,item
po_001725_gr_1,goods_receipt
po_001725_gr_2,goods_receipt
po_001725_inv_1,invoice
po_001726,purchase_order
po_001726_item_1,item
po_001726_item_2,item
po_001726_gr_1,goods_receipt
po_001726_inv_1,invoice
po_001727,purchase_order
po_001727_item_1,item
po_001727_item_2,item
po_001727_gr_1,goods_receipt
po_001727_inv_1,invoice
po_001728,purchase_order
po_001728_item_1,item
po_001728_item_2,item
po_001728_gr_1,goods_receipt
po_001728_inv_1,invoice
po_001728_inv_2,invoice
po_001729,purchase_order
po_001729_item_1,item
po_001729_item_2,item
po_001729_item_3,item
po_001729_item_4,item
po_001729_item_5,item
po_001729_gr_1,goods_receipt
po_001729_inv_1,invoice
po_001730,purchase_order
po_001730_item_1,item
po_001730_item_2,item
po_001730_item_3,item
po_001730_item_4,item
po_001730_item_5,item
po_001730_gr_1,goods_receipt
po_001730_gr_2,goods_receipt
po_001730_inv_1,invoice
po_001731,purchase_order
po_001731_item_1,item
po_001731_item_2,item
po_001731_item_3,item
po_001731_gr_1,goods_receipt
po_001731_inv_1,invoice
po_001732,purchase_order
po_001732_item_1,item
po_001732_item_2,item
po_001732_gr_1,goods_receipt
po_001732_inv_1,invoice
po_001733,purchase_order
po_001733_item_1,item
po_001733_item_2,item
po_001733_item_3,item
po_001733_item_4,item
po_001733_gr_1,goods_receipt
po_001733_gr_2,goods_receipt
po_001733_inv_1,invoice
po_001734,purchase_order
po_001734_item_1,item
po_001734_item_2,item
po_001734_gr_1,goods_receipt
po_001734_gr_2,goods_receipt
po_001734_inv_1,invoice
po_001735,purchase_order
po_001735_item_1,item
po_001735_gr_1,goods_receipt
po_001735_inv_1,invoice
po_001736,purchase_order
po_001736_item_1,item
po_001736_item_2,item
po_001736_item_3,item
po_001736_gr_1,goods_receipt
po_001736_inv_1,invoice
po_001737,purchase_order
po_001737_item_1,item
po_001737_item_2,item
po_001737_item_3,item
po_001737_gr_1,goods_receipt
po_001737_inv_1,invoice
po_001738,purchase_order
po_001738_item_1,item
po_001738_item_2,item
po_001738_item_3,item
po_001738_item_4,item
po_001738_item_5,item
po_001738_gr_1,goods_receipt
po_001738_inv_1,invoice
po_001739,purchase_order
po_001739_item_1,item
po_001739_item_2,item
po_001739_item_3,item
po_001739_gr_1,goods_receipt
po_001739_gr_2,goods_receipt
po_001739_inv_1,invoice
po_001740,purchase_order
po_001740_item_1,item
po_001740_item_2,item
po_001740_item_3,item
po_001740_gr_1,goods_receipt
po_001740_inv_1,invoice
po_001741,purchase_order
po_001741_item_1,item
po_001741_gr_1,goods_receipt
po_001741_inv_1,invoice
po_001741_inv_2,invoice
po_001742,purchase_order
po_001742_item_1,item
po_001742_gr_1,goods_receipt
po_001742_gr_2,goods_receipt
po_001742_inv_1,invoice
po_001743,purchase_order
po_001743_item_1,item
po_001743_item_2,item
po_001743_item_3,item
po_001743_item_4,item
po_001743_item_5,item
po_001743_gr_1,goods_receipt
po_001743_inv_1,invoice
po_001744,purchase_order
po_001744_item_1,item
po_001744_item_2,item
po_001744_gr_1,goods_receipt
po_001744_gr_2,goods_receipt
po_001744_inv_1,invoice
po_001745,purchase_order
po_001745_item_1,item
po_001745_item_2,item
po_001745_item_3,item
po_001745_item_4,item
po_001745_item_5,item
po_001745_gr_1,goods_receipt
po_001745_inv_1,invoice
po_001746,purchase_order
po_001746_item_1,item
po_001746_item_2,item
po_001746_item_3,item
po_001746_gr_1,goods_receipt
po_001746_inv_1,invoice
po_001747,purchase_order
po_001747_item_1,item
po_001747_item_2,item
po_001747_item_3,item
po_001747_item_4,item
po_001747_gr_1,goods_receipt
po_001747_inv_1,invoice
po_001748,purchase_order
po_001748_item_1,item
po_001748_item_2,item
po_001748_gr_1,goods_receipt
po_001748_inv_1,invoice
po_001748_inv_2,invoice
po_001749,purchase_order
po_001749_item_1,item
po_001749_item_2,item
po_001749_item_3,item
po_001749_item_4,item
po_001749_gr_1,goods_receipt
po_001749_inv_1,invoice
po_001750,purchase_order
po_001750_item_1,item
po_001750_item_2,item
po_001750_item_3,item
po_001750_gr_1,goods_receipt
po_001750_inv_1,invoice
po_001750_inv_2,invoice
po_001751,purchase_order
po_001751_item_1,item
po_001751_item_2,item
po_001751_item_3,item
po_001751_item_4,item
po_001751_item_5,item
po_001751_gr_1,goods_receipt
po_001751_inv_1,invoice
po_001752,purchase_order
po_001752_item_1,item
po_001752_item_2,item
po_001752_gr_1,goods_receipt
po_001752_inv_1,invoice
po_001753,purchase_order
po_001753_item_1,item
po_001753_item_2,item
po_001753_item_3,item
po_001753_item_4,item
po_001753_gr_1,goods_receipt
po_001753_inv_1,invoice
po_001754,purchase_order
po_001754_item_1,item
po_001754_gr_1,goods_receipt
po_001754_inv_1,invoice
po_001755,purchase_order
po_001755_item_1,item
po_001755_gr_1,goods_receipt
po_001755_inv_1,invoice
po_001755_inv_2,invoice
po_001756,purchase_order
po_001756_item_1,item
po_001756_gr_1,goods_receipt
po_001756_gr_2,goods_receipt
po_001756_inv_1,invoice
po_001757,purchase_order
po_001757_item_1,item
po_001757_item_2,item
po_001757_gr_1,goods_receipt
po_001757_inv_1,invoice
po_001758,purchase_order
po_001758_item_1,item
po_001758_gr_1,goods_receipt
po_001758_inv_1,invoice
po_001759,purchase_order
po_001759_item_1,item
po_001759_gr_1,goods_receipt
po_001759_inv_1,invoice
po_001759_inv_2,invoice
po_001760,purchase_order
po_001760_item_1,item
po_001760_item_2,item
po_001760_item_3,item
po_001760_item_4,item
po_001760_item_5,item
po_001760_gr_1,goods_receipt
po_001760_gr_2,goods_receipt
po_001760_inv_1,invoice
po_001761,purchase_order
po_001761_item_1,item
po_001761_item_2,item
po_001761_gr_1,goods_receipt
po_001761_inv_1,invoice
po_001762,purchase_order
po_001762_item_1,item
po_001762_item_2,item
po_001762_item_3,item
po_001762_gr_1,goods_receipt
po_001762_gr_2,goods_receipt
po_001762_inv_1,invoice
po_001763,purchase_order
po_001763_item_1,item
po_001763_item_2,item
po_001763_item_3,item
po_001763_item_4,item
po_001763_item_5,item
po_001763_gr_1,goods_receipt
po_001763_gr_2,goods_receipt
po_001763_inv_1,invoice
po_001764,purchase_order
po_001764_item_1,item
po_001764_item_2,item
po_001764_item_3,item
po_001764_item_4,item
po_001764_item_5,item
po_001764_gr_1,goods_receipt
po_001764_inv_1,invoice
po_001765,purchase_order
po_001765_item_1,item
po_001765_gr_1,goods_receipt
po_001765_gr_2,goods_receipt
po_001765_inv_1,invoice
po_001766,purchase_order
po_001766_item_1,item
po_001766_item_2,item
po_001766_item_3,item
po_001766_item_4,item
po_001766_gr_1,goods_receipt
po_001766_inv_1,invoice
po_001766_inv_2,invoice
po_001767,purchase_order
po_001767_item_1,item
po_001767_item_2,item
po_001767_item_3,item
po_001767_item_4,item
po_001767_gr_1,goods_receipt
po_001767_inv_1,invoice
po_001768,purchase_order
po_001768_item_1,item
po_001768_gr_1,goods_receipt
po_001768_inv_1,invoice
po_001769,purchase_order
po_001769_item_1,item
po_001769_item_2,item
po_001769_item_3,item
po_001769_item_4,item
po_001769_item_5,item
po_001769_gr_1,goods_receipt
po_001769_inv_1,invoice
po_001770,purchase_order
po_001770_item_1,item
po_001770_item_2,item
po_001770_item_3,item
po_001770_item_4,item
po_001770_gr_1,goods_receipt
po_001770_inv_1,invoice
po_001771,purchase_order
po_001771_item_1,item
po_001771_item_2,item
po_001771_item_3,item
po_001771_item_4,item
po_001771_gr_1,goods_receipt
po_001771_inv_1,invoice
po_001772,purchase_order
po_001772_item_1,item
po_001772_item_2,item
po_001772_item_3,item
po_001772_item_4,item
po_001772_gr_1,goods_receipt
po_001772_inv_1,invoice
po_001772_inv_2,invoice
po_001773,purchase_order
po_001773_item_1,item
po_001773_item_2,item
po_001773_item_3,item
po_001773_item_4,item
po_001773_item_5,item
po_001773_gr_1,goods_receipt
po_001773_inv_1,invoice
po_001774,purchase_order
po_001774_item_1,item
po_001774_item_2,item
po_001774_item_3,item
po_001774_gr_1,goods_receipt
po_001774_inv_1,invoice
po_001775,purchase_order
po_001775_item_1,item
po_001775_item_2,item
po_001775_item_3,item
po_001775_item_4,item
po_001775_gr_1,goods_receipt
po_001775_inv_1,invoice
po_001776,purchase_order
po_001776_item_1,item
po_001776_item_2,item
po_001776_item_3,item
po_001776_item_4,item
po_001776_gr_1,goods_receipt
po_001776_inv_1,invoice
po_001776_inv_2,invoice
po_001777,purchase_order
po_001777_item_1,item
po_001777_item_2,item
po_001777_item_3,item
po_001777_item_4,item
po_001777_gr_1,goods_receipt
po_001777_gr_2,goods_receipt
po_001777_inv_1,invoice
po_001778,purchase_order
po_001778_item_1,item
po_001778_item_2,item
po_001778_item_3,item
po_001778_gr_1,goods_receipt
po_001778_gr_2,goods_receipt
po_001778_inv_1,invoice
po_001779,purchase_order
po_001779_item_1,item
po_001779_item_2,item
po_001779_item_3,item
po_001779_item_4,item
po_001779_item_5,item
po_001779_gr_1,goods_receipt
po_001779_inv_1,invoice
po_001780,purchase_order
po_001780_item_1,item
po_001780_item_2,item
po_001780_item_3,item
po_001780_item_4,item
po_001780_item_5,item
po_001780_gr_1,goods_receipt
po_001780_inv_1,invoice
po_001781,purchase_order
po_001781_item_1,item
po_001781_item_2,item
po_001781_gr_1,goods_receipt
po_001781_inv_1,invoice
po_001782,purchase_order
po_001782_item_1,item
po_001782_item_2,item
po_001782_gr_1,goods_receipt
po_001782_inv_1,invoice
po_001783,purchase_order
po_001783_item_1,item
po_001783_item_2,item
po_001783_item_3,item
po_001783_item_4,item
po_001783_gr_1,goods_receipt
po_001783_inv_1,invoice
po_001783_inv_2,invoice
po_001784,purchase_order
po_001784_item_1,item
po_001784_item_2,item
po_001784_item_3,item
po_001784_item_4,item
po_001784_gr_1,goods_receipt
po_001784_gr_2,goods_receipt
po_001784_inv_1,invoice
po_001785,purchase_order
po_001785_item_1,item
po_001785_item_2,item
po_001785_item_3,item
po_001785_item_4,item
po_001785_item_5,item
po_001785_gr_1,goods_receipt
po_001785_inv_1,invoice
po_001786,purchase_order
po_001786_item_1,item
po_001786_item_2,item
po_001786_gr_1,goods_receipt
po_001786_gr_2,goods_receipt
po_001786_inv_1,invoice
po_001786_inv_2,invoice
po_001787,purchase_order
po_001787_item_1,item
po_001787_gr_1,goods_receipt
po_001787_inv_1,invoice
po_001788,purchase_order
po_001788_item_1,item
po_001788_item_2,item
po_001788_item_3,item
po_001788_gr_1,goods_receipt
po_001788_inv_1,invoice
po_001789,purchase_order
po_001789_item_1,item
po_001789_item_2,item
po_001789_item_3,item
po_001789_item_4,item
po_001789_gr_1,goods_receipt
po_001789_inv_1,invoice
po_001790,purchase_order
po_001790_item_1,item
po_001790_item_2,item
po_001790_item_3,item
po_001790_gr_1,goods_receipt
po_001790_inv_1,invoice
po_001791,purchase_order
po_001791_item_1,item
po_001791_item_2,item
po_001791_item_3,item
po_001791_item_4,item
po_001791_gr_1,goods_receipt
po_001791_gr_2,goods_receipt
po_001791_inv_1,invoice
po_001792,purchase_order
po_001792_item_1,item
po_001792_item_2,item
po_001792_item_3,item
po_001792_item_4,item
po_001792_item_5,item
po_001792_gr_1,goods_receipt
po_001792_inv_1,invoice
po_001793,purchase_order
po_001793_item_1,item
po_001793_item_2,item
po_001793_item_3,item
po_001793_gr_1,goods_receipt
po_001793_inv_1,invoice
po_001794,purchase_order
po_001794_item_1,item
po_001794_gr_1,goods_receipt
po_001794_gr_2,goods_receipt
po_001794_inv_1,invoice
po_001795,purchase_order
po_001795_item_1,item
po_001795_item_2,item
po_001795_item_3,item
po_001795_item_4,item
po_001795_gr_1,goods_receipt
po_001795_gr_2,goods_receipt
po_001795_inv_1,invoice
po_001796,purchase_order
po_001796_item_1,item
po_001796_gr_1,goods_receipt
po_001796_inv_1,invoice
po_001797,purchase_order
po_001797_item_1,item
po_001797_item_2,item
po_001797_item_3,item
po_001797_item_4,item
po_001797_item_5,item
po_001797_gr_1,goods_receipt
po_001797_gr_2,goods_receipt
po_001797_inv_1,invoice
po_001798,purchase_order
po_001798_item_1,item
po_001798_item_2,item
po_001798_item_3,item
po_001798_gr_1,goods_receipt
po_001798_gr_2,goods_receipt
po_001798_inv_1,invoice
po_001799,purchase_order
po_001799_item_1,item
po_001799_item_2,item
po_001799_gr_1,goods_receipt
po_001799_inv_1,invoice
po_001800,purchase_order
po_001800_item_1,item
po_001800_item_2,item
po_001800_item_3,item
po_001800_gr_1,goods_receipt
po_001800_inv_1,invoice
po_001801,purchase_order
po_001801_item_1,item
po_001801_item_2,item
po_001801_item_3,item
po_001801_item_4,item
po_001801_item_5,item
po_001801_gr_1,goods_receipt
po_001801_inv_1,invoice
po_001802,purchase_order
po_001802_item_1,item
po_001802_item_2,item
po_001802_item_3,item
po_001802_gr_1,goods_receipt
po_001802_inv_1,invoice
po_001802_inv_2,invoice
po_001803,purchase_order
po_001803_item_1,item
po_001803_item_2,item
po_001803_item_3,item
po_001803_gr_1,goods_receipt
po_001803_gr_2,goods_receipt
po_001803_inv_1,invoice
po_001804,purchase_order
po_001804_item_1,item
po_001804_item_2,item
po_001804_item_3,item
po_001804_item_4,item
po_001804_gr_1,goods_receipt
po_001804_inv_1,invoice
po_001804_inv_2,invoice
po_001805,purchase_order
po_001805_item_1,item
po_001805_item_2,item
po_001805_item_3,item
po_001805_item_4,item
po_001805_gr_1,goods_receipt
po_001805_inv_1,invoice
po_001805_inv_2,invoice
po_001806,purchase_order
po_001806_item_1,item
po_001806_item_2,item
po_001806_item_3,item
po_001806_item_4,item
po_001806_gr_1,goods_receipt
po_001806_inv_1,invoice
po_001807,purchase_order
po_001807_item_1,item
po_001807_item_2,item
po_001807_item_3,item
po_001807_item_4,item
po_001807_item_5,item
po_001807_gr_1,goods_receipt
po_001807_inv_1,invoice
po_001808,purchase_order
po_001808_item_1,item
po_001808_item_2,item
po_001808_gr_1,goods_receipt
po_001808_inv_1,invoice
po_001809,purchase_order
po_001809_item_1,item
po_001809_gr_1,goods_receipt
po_001809_gr_2,goods_receipt
po_001809_inv_1,invoice
po_001810,purchase_order
po_001810_item_1,item
po_001810_item_2,item
po_001810_gr_1,goods_receipt
po_001810_inv_1,invoice
po_001811,purchase_order
po_001811_item_1,item
po_001811_item_2,item
po_001811_item_3,item
po_001811_item_4,item
po_001811_item_5,item
po_001811_gr_1,goods_receipt
po_001811_inv_1,invoice
po_001812,purchase_order
po_001812_item_1,item
po_001812_item_2,item
po_001812_item_3,item
po_001812_item_4,item
po_001812_gr_1,goods_receipt
po_001812_inv_1,invoice
po_001813,purchase_order
po_001813_item_1,item
po_001813_item_2,item
po_001813_item_3,item
po_001813_item_4,item
po_001813_gr_1,goods_receipt
po_001813_inv_1,invoice
po_001814,purchase_order
po_001814_item_1,item
po_001814_item_2,item
po_001814_item_3,item
po_001814_item_4,item
po_001814_gr_1,goods_receipt
po_001814_gr_2,goods_receipt
po_001814_inv_1,invoice
po_001815,purchase_order
po_001815_item_1,item
po_001815_item_2,item
po_001815_item_3,item
po_001815_item_4,item
po_001815_item_5,item
po_001815_gr_1,goods_receipt
po_001815_inv_1,invoice
po_001816,purchase_order
po_001816_item_1,item
po_001816_gr_1,goods_receipt
po_001816_inv_1,invoice
po_001817,purchase_order
po_001817_item_1,item
po_001817_gr_1,goods_receipt
po_001817_inv_1,invoice
po_001818,purchase_order
po_001818_item_1,item
po_001818_item_2,item
po_001818_item_3,item
po_001818_item_4,item
po_001818_gr_1,goods_receipt
po_001818_inv_1,invoice
po_001818_inv_2,invoice
po_001819,purchase_order
po_001819_item_1,item
po_001819_gr_1,goods_receipt
po_001819_inv_1,invoice
po_001820,purchase_order
po_001820_item_1,item
po_001820_item_2,item
po_001820_item_3,item
po_001820_gr_1,goods_receipt
po_001820_inv_1,invoice
po_001821,purchase_order
po_001821_item_1,item
po_001821_item_2,item
po_001821_item_3,item
po_001821_item_4,item
po_001821_item_5,item
po_001821_gr_1,goods_receipt
po_001821_inv_1,invoice
po_001822,purchase_order
po_001822_item_1,item
po_001822_item_2,item
po_001822_item_3,item
po_001822_item_4,item
po_001822_gr_1,goods_receipt
po_001822_inv_1,invoice
po_001823,purchase_order
po_001823_item_1,item
po_001823_item_2,item
po_001823_item_3,item
po_001823_gr_1,goods_receipt
po_001823_inv_1,invoice
po_001824,purchase_order
po_001824_item_1,item
po_001824_gr_1,goods_receipt
po_001824_inv_1,invoice
po_001825,purchase_order
po_001825_item_1,item
po_001825_item_2,item
po_001825_gr_1,goods_receipt
po_001825_inv_1,invoice
po_001826,purchase_order
po_001826_item_1,item
po_001826_item_2,item
po_001826_gr_1,goods_receipt
po_001826_inv_1,invoice
po_001827,purchase_order
po_001827_item_1,item
po_001827_item_2,item
po_001827_item_3,item
po_001827_item_4,item
po_001827_item_5,item
po_001827_gr_1,goods_receipt
po_001827_inv_1,invoice
po_001828,purchase_order
po_001828_item_1,item
po_001828_gr_1,goods_receipt
po_001828_inv_1,invoice
po_001828_inv_2,invoice
po_001829,purchase_order
po_001829_item_1,item
po_001829_item_2,item
po_001829_item_3,item
po_001829_item_4,item
po_001829_gr_1,goods_receipt
po_001829_inv_1,invoice
po_001829_inv_2,invoice
po_001830,purchase_order
po_001830_item_1,item
po_001830_item_2,item
po_001830_item_3,item
po_001830_gr_1,goods_receipt
po_001830_inv_1,invoice
po_001831,purchase_order
po_001831_item_1,item
po_001831_item_2,item
po_001831_item_3,item
po_001831_item_4,item
po_001831_item_5,item
po_001831_gr_1,goods_receipt
po_001831_inv_1,invoice
po_001832,purchase_order
po_001832_item_1,item
po_001832_item_2,item
po_001832_item_3,item
po_001832_item_4,item
po_001832_gr_1,goods_receipt
po_001832_inv_1,invoice
po_001833,purchase_order
po_001833_item_1,item
po_001833_item_2,item
po_001833_item_3,item
po_001833_gr_1,goods_receipt
po_001833_gr_2,goods_receipt
po_001833_inv_1,invoice
po_001834,purchase_order
po_001834_item_1,item
po_001834_item_2,item
po_001834_item_3,item
po_001834_item_4,item
po_001834_item_5,item
po_001834_gr_1,goods_receipt
po_001834_inv_1,invoice
po_001835,purchase_order
po_001835_item_1,item
po_001835_item_2,item
po_001835_item_3,item
po_001835_gr_1,goods_receipt
po_001835_inv_1,invoice
po_001836,purchase_order
po_001836_item_1,item
po_001836_item_2,item
po_001836_item_3,item
po_001836_item_4,item
po_001836_gr_1,goods_receipt
po_001836_inv_1,invoice
po_001837,purchase_order
po_001837_item_1,item
po_001837_gr_1,goods_receipt
po_001837_gr_2,goods_receipt
po_001837_inv_1,invoice
po_001838,purchase_order
po_001838_item_1,item
po_001838_item_2,item
po_001838_item_3,item
po_001838_item_4,item
po_001838_gr_1,goods_receipt
po_001838_inv_1,invoice
po_001839,purchase_order
po_001839_item_1,item
po_001839_item_2,item
po_001839_item_3,item
po_001839_gr_1,goods_receipt
po_001839_inv_1,invoice
po_001840,purchase_order
po_001840_item_1,item
po_001840_item_2,item
po_001840_gr_1,goods_receipt
po_001840_inv_1,invoice
po_001841,purchase_order
po_001841_item_1,item
po_001841_item_2,item
po_001841_item_3,item
po_001841_item_4,item
po_001841_gr_1,goods_receipt
po_001841_inv_1,invoice
po_001842,purchase_order
po_001842_item_1,item
po_001842_item_2,item
po_001842_item_3,item
po_001842_gr_1,goods_receipt
po_001842_inv_1,invoice
po_001843,purchase_order
po_001843_item_1,item
po_001843_item_2,item
po_001843_item_3,item
po_001843_item_4,item
po_001843_gr_1,goods_receipt
po_001843_inv_1,invoice
po_001844,purchase_order
po_001844_item_1,item
po_001844_gr_1,goods_receipt
po_001844_inv_1,invoice
po_001845,purchase_order
po_001845_item_1,item
po_001845_item_2,item
po_001845_gr_1,goods_receipt
po_001845_inv_1,invoice
po_001846,purchase_order
po_001846_item_1,item
po_001846_item_2,item
po_001846_item_3,item
po_001846_gr_1,goods_receipt
po_001846_inv_1,invoice
po_001847,purchase_order
po_001847_item_1,item
po_001847_item_2,item
po_001847_item_3,item
po_001847_item_4,item
po_001847_item_5,item
po_001847_gr_1,goods_receipt
po_001847_inv_1,invoice
po_001848,purchase_order
po_001848_item_1,item
po_001848_gr_1,goods_receipt
po_001848_inv_1,invoice
po_001849,purchase_order
po_001849_item_1,item
po_001849_item_2,item
po_001849_item_3,item
po_001849_gr_1,goods_receipt
po_001849_inv_1,invoice
po_001850,purchase_order
po_001850_item_1,item
po_001850_item_2,item
po_001850_item_3,item
po_001850_gr_1,goods_receipt
po_001850_inv_1,invoice
po_001851,purchase_order
po_001851_item_1,item
po_001851_item_2,item
po_001851_item_3,item
po_001851_item_4,item
po_001851_gr_1,goods_receipt
po_001851_gr_2,goods_receipt
po_001851_inv_1,invoice
po_001852,purchase_order
po_001852_item_1,item
po_001852_item_2,item
po_001852_item_3,item
po_001852_gr_1,goods_receipt
po_001852_inv_1,invoice
po_001853,purchase_order
po_001853_item_1,item
po_001853_gr_1,goods_receipt
po_001853_inv_1,invoice
po_001853_inv_2,invoice
po_001854,purchase_order
po_001854_item_1,item
po_001854_item_2,item
po_001854_item_3,item
po_001854_item_4,item
po_001854_gr_1,goods_receipt
po_001854_inv_1,invoice
po_001855,purchase_order
po_001855_item_1,item
po_001855_gr_1,goods_receipt
po_001855_inv_1,invoice
po_001856,purchase_order
po_001856_item_1,item
po_001856_item_2,item
po_001856_item_3,item
po_001856_item_4,item
po_001856_gr_1,goods_receipt
po_001856_inv_1,invoice
po_001857,purchase_order
po_001857_item_1,item
po_001857_item_2,item
po_001857_item_3,item
po_001857_item_4,item
po_001857_gr_1,goods_receipt
po_001857_inv_1,invoice
po_001858,purchase_order
po_001858_item_1,item
po_001858_gr_1,goods_receipt
po_001858_gr_2,goods_receipt
po_001858_inv_1,invoice
po_001859,purchase_order
po_001859_item_1,item
po_001859_item_2,item
po_001859_item_3,item
po_001859_item_4,item
po_001859_gr_1,goods_receipt
po_001859_inv_1,invoice
po_001859_inv_2,invoice
po_001860,purchase_order
po_001860_item_1,item
po_001860_item_2,item
po_001860_item_3,item
po_001860_item_4,item
po_001860_item_5,item
po_001860_gr_1,goods_receipt
po_001860_inv_1,invoice
po_001860_inv_2,invoice
po_001861,purchase_order
po_001861_item_1,item
po_001861_item_2,item
po_001861_item_3,item
po_001861_gr_1,goods_receipt
po_001861_gr_2,goods_receipt
po_001861_inv_1,invoice
po_001861_inv_2,invoice
po_001862,purchase_order
po_001862_item_1,item
po_001862_item_2,item
po_001862_item_3,item
po_001862_item_4,item
po_001862_gr_1,goods_receipt
po_001862_gr_2,goods_receipt
po_001862_inv_1,invoice
po_001863,purchase_order
po_001863_item_1,item
po_001863_item_2,item
po_001863_item_3,item
po_001863_item_4,item
po_001863_gr_1,goods_receipt
po_001863_inv_1,invoice
po_001864,purchase_order
po_001864_item_1,item
po_001864_gr_1,goods_receipt
po_001864_inv_1,invoice
po_001865,purchase_order
po_001865_item_1,item
po_001865_item_2,item
po_001865_item_3,item
po_001865_gr_1,goods_receipt
po_001865_inv_1,invoice
po_001866,purchase_order
po_001866_item_1,item
po_001866_item_2,item
po_001866_item_3,item
po_001866_item_4,item
po_001866_gr_1,goods_receipt
po_001866_gr_2,goods_receipt
po_001866_inv_1,invoice
po_001867,purchase_order
po_001867_item_1,item
po_001867_item_2,item
po_001867_item_3,item
po_001867_item_4,item
po_001867_item_5,item
po_001867_gr_1,goods_receipt
po_001867_inv_1,invoice
po_001868,purchase_order
po_001868_item_1,item
po_001868_item_2,item
po_001868_item_3,item
po_001868_gr_1,goods_receipt
po_001868_inv_1,invoice
po_001869,purchase_order
po_001869_item_1,item
po_001869_item_2,item
po_001869_item_3,item
po_001869_item_4,item
po_001869_gr_1,goods_receipt
po_001869_inv_1,invoice
po_001870,purchase_order
po_001870_item_1,item
po_001870_item_2,item
po_001870_item_3,item
po_001870_item_4,item
po_001870_item_5,item
po_001870_gr_1,goods_receipt
po_001870_inv_1,invoice
po_001871,purchase_order
po_001871_item_1,item
po_001871_item_2,item
po_001871_item_3,item
po_001871_item_4,item
po_001871_item_5,item
po_001871_gr_1,goods_receipt
po_001871_inv_1,invoice
po_001872,purchase_order
po_001872_item_1,item
po_001872_gr_1,goods_receipt
po_001872_inv_1,invoice
po_001872_inv_2,invoice
po_001873,purchase_order
po_001873_item_1,item
po_001873_item_2,item
po_001873_item_3,item
po_001873_gr_1,goods_receipt
po_001873_inv_1,invoice
po_001874,purchase_order
po_001874_item_1,item
po_001874_gr_1,goods_receipt
po_001874_inv_1,invoice
po_001875,purchase_order
po_001875_item_1,item
po_001875_gr_1,goods_receipt
po_001875_gr_2,goods_receipt
po_001875_inv_1,invoice
po_001876,purchase_order
po_001876_item_1,item
po_001876_item_2,item
po_001876_item_3,item
po_001876_gr_1,goods_receipt
po_001876_inv_1,invoice
po_001877,purchase_order
po_001877_item_1,item
po_001877_item_2,item
po_001877_item_3,item
po_001877_gr_1,goods_receipt
po_001877_inv_1,invoice
po_001878,purchase_order
po_001878_item_1,item
po_001878_gr_1,goods_receipt
po_001878_inv_1,invoice
po_001879,purchase_order
po_001879_item_1,item
po_001879_gr_1,goods_receipt
po_001879_inv_1,invoice
po_001880,purchase_order
po_001880_item_1,item
po_001880_gr_1,goods_receipt
po_001880_inv_1,invoice
po_001881,purchase_order
po_001881_item_1,item
po_001881_item_2,item
po_001881_item_3,item
po_001881_item_4,item
po_001881_gr_1,goods_receipt
po_001881_inv_1,invoice
po_001882,purchase_order
po_001882_item_1,item
po_001882_item_2,item
po_001882_item_3,item
po_001882_item_4,item
po_001882_item_5,item
po_001882_gr_1,goods_receipt
po_001882_inv_1,invoice
po_001883,purchase_order
po_001883_item_1,item
po_001883_item_2,item
po_001883_item_3,item
po_001883_gr_1,goods_receipt
po_001883_gr_2,goods_receipt
po_001883_inv_1,invoice
po_001883_inv_2,invoice
po_001884,purchase_order
po_001884_item_1,item
po_001884_item_2,item
po_001884_item_3,item
po_001884_item_4,item
po_001884_item_5,item
po_001884_gr_1,goods_receipt
po_001884_inv_1,invoice
po_001885,purchase_order
po_001885_item_1,item
po_001885_item_2,item
po_001885_item_3,item
po_001885_item_4,item
po_001885_gr_1,goods_receipt
po_001885_inv_1,invoice
po_001886,purchase_order
po_001886_item_1,item
po_001886_item_2,item
po_001886_gr_1,goods_receipt
po_001886_inv_1,invoice
po_001887,purchase_order
po_001887_item_1,item
po_001887_item_2,item
po_001887_gr_1,goods_receipt
po_001887_inv_1,invoice
po_001888,purchase_order
po_001888_item_1,item
po_001888_item_2,item
po_001888_gr_1,goods_receipt
po_001888_inv_1,invoice
po_001889,purchase_order
po_001889_item_1,item
po_001889_item_2,item
po_001889_item_3,item
po_001889_item_4,item
po_001889_item_5,item
po_001889_gr_1,goods_receipt
po_001889_inv_1,invoice
po_001890,purchase_order
po_001890_item_1,item
po_001890_item_2,item
po_001890_item_3,item
po_001890_item_4,item
po_001890_gr_1,goods_receipt
po_001890_gr_2,goods_receipt
po_001890_inv_1,invoice
po_001891,purchase_order
po_001891_item_1,item
po_001891_item_2,item
po_001891_item_3,item
po_001891_item_4,item
po_001891_gr_1,goods_receipt
po_001891_inv_1,invoice
po_001891_inv_2,invoice
po_001892,purchase_order
po_001892_item_1,item
po_001892_gr_1,goods_receipt
po_001892_inv_1,invoice
po_001893,purchase_order
po_001893_item_1,item
po_001893_item_2,item
po_001893_item_3,item
po_001893_item_4,item
po_001893_gr_1,goods_receipt
po_001893_gr_2,goods_receipt
po_001893_inv_1,invoice
po_001893_inv_2,invoice
po_001894,purchase_order
po_001894_item_1,item
po_001894_item_2,item
po_001894_item_3,item
po_001894_gr_1,goods_receipt
po_001894_inv_1,invoice
po_001894_inv_2,invoice
po_001895,purchase_order
po_001895_item_1,item
po_001895_item_2,item
po_001895_item_3,item
po_001895_gr_1,goods_receipt
po_001895_inv_1,invoice
po_001895_inv_2,invoice
po_001896,purchase_order
po_001896_item_1,item
po_001896_item_2,item
po_001896_item_3,item
po_001896_gr_1,goods_receipt
po_001896_inv_1,invoice
po_001897,purchase_order
po_001897_item_1,item
po_001897_item_2,item
po_001897_item_3,item
po_001897_gr_1,goods_receipt
po_001897_inv_1,invoice
po_001898,purchase_order
po_001898_item_1,item
po_001898_gr_1,goods_receipt
po_001898_inv_1,invoice
po_001899,purchase_order
po_001899_item_1,item
po_001899_item_2,item
po_001899_item_3,item
po_001899_item_4,item
po_001899_item_5,item
po_001899_gr_1,goods_receipt
po_001899_gr_2,goods_receipt
po_001899_inv_1,invoice
po_001900,purchase_order
po_001900_item_1,item
po_001900_item_2,item
po_001900_item_3,item
po_001900_gr_1,goods_receipt
po_001900_inv_1,invoice
po_001901,purchase_order
po_001901_item_1,item
po_001901_item_2,item
po_001901_item_3,item
po_001901_gr_1,goods_receipt
po_001901_inv_1,invoice
po_001902,purchase_order
po_001902_item_1,item
po_001902_gr_1,goods_receipt
po_001902_inv_1,invoice
po_001903,purchase_order
po_001903_item_1,item
po_001903_item_2,item
po_001903_item_3,item
po_001903_item_4,item
po_001903_item_5,item
po_001903_gr_1,goods_receipt
po_001903_gr_2,goods_receipt
po_001903_inv_1,invoice
po_001904,purchase_order
po_001904_item_1,item
po_001904_item_2,item
po_001904_item_3,item
po_001904_item_4,item
po_001904_item_5,item
po_001904_gr_1,goods_receipt
po_001904_inv_1,invoice
po_001905,purchase_order
po_001905_item_1,item
po_001905_item_2,item
po_001905_item_3,item
po_001905_item_4,item
po_001905_gr_1,goods_receipt
po_001905_gr_2,goods_receipt
po_001905_inv_1,invoice
po_001906,purchase_order
po_001906_item_1,item
po_001906_item_2,item
po_001906_item_3,item
po_001906_gr_1,goods_receipt
po_001906_inv_1,invoice
po_001906_inv_2,invoice
po_001907,purchase_order
po_001907_item_1,item
po_001907_item_2,item
po_001907_item_3,item
po_001907_item_4,item
po_001907_item_5,item
po_001907_gr_1,goods_receipt
po_001907_gr_2,goods_receipt
po_001907_inv_1,invoice
po_001907_inv_2,invoice
po_001908,purchase_order
po_001908_item_1,item
po_001908_item_2,item
po_001908_gr_1,goods_receipt
po_001908_inv_1,invoice
po_001909,purchase_order
po_001909_item_1,item
po_001909_gr_1,goods_receipt
po_001909_inv_1,invoice
po_001910,purchase_order
po_001910_item_1,item
po_001910_item_2,item
po_001910_gr_1,goods_receipt
po_001910_gr_2,goods_receipt
po_001910_inv_1,invoice
po_001910_inv_2,invoice
po_001911,purchase_order
po_001911_item_1,item
po_001911_gr_1,goods_receipt
po_001911_gr_2,goods_receipt
po_001911_inv_1,invoice
po_001912,purchase_order
po_001912_item_1,item
po_001912_item_2,item
po_001912_item_3,item
po_001912_item_4,item
po_001912_gr_1,goods_receipt
po_001912_gr_2,goods_receipt
po_001912_inv_1,invoice
po_001912_inv_2,invoice
po_001913,purchase_order
po_001913_item_1,item
po_001913_item_2,item
po_001913_item_3,item
po_001913_item_4,item
po_001913_item_5,item
po_001913_gr_1,goods_receipt
po_001913_inv_1,invoice
po_001914,purchase_order
po_001914_item_1,item
po_001914_item_2,item
po_001914_item_3,item
po_001914_item_4,item
po_001914_gr_1,goods_receipt
po_001914_inv_1,invoice
po_001914_inv_2,invoice
po_001915,purchase_order
po_001915_item_1,item
po_001915_item_2,item
po_001915_item_3,item
po_001915_gr_1,goods_receipt
po_001915_inv_1,invoice
po_001916,purchase_order
po_001916_item_1,item
po_001916_item_2,item
po_001916_gr_1,goods_receipt
po_001916_gr_2,goods_receipt
po_001916_inv_1,invoice
po_001917,purchase_order
po_001917_item_1,item
po_001917_item_2,item
po_001917_gr_1,goods_receipt
po_001917_inv_1,invoice
po_001917_inv_2,invoice
po_001918,purchase_order
po_001918_item_1,item
po_001918_gr_1,goods_receipt
po_001918_inv_1,invoice
po_001919,purchase_order
po_001919_item_1,item
po_001919_item_2,item
po_001919_item_3,item
po_001919_gr_1,goods_receipt
po_001919_inv_1,invoice
po_001920,purchase_order
po_001920_item_1,item
po_001920_item_2,item
po_001920_item_3,item
po_001920_gr_1,goods_receipt
po_001920_gr_2,goods_receipt
po_001920_inv_1,invoice
po_001921,purchase_order
po_001921_item_1,item
po_001921_item_2,item
po_001921_item_3,item
po_001921_item_4,item
po_001921_gr_1,goods_receipt
po_001921_inv_1,invoice
po_001922,purchase_order
po_001922_item_1,item
po_001922_gr_1,goods_receipt
po_001922_inv_1,invoice
po_001923,purchase_order
po_001923_item_1,item
po_001923_item_2,item
po_001923_item_3,item
po_001923_item_4,item
po_001923_item_5,item
po_001923_gr_1,goods_receipt
po_001923_gr_2,goods_receipt
po_001923_inv_1,invoice
po_001923_inv_2,invoice
po_001924,purchase_order
po_001924_item_1,item
po_001924_item_2,item
po_001924_item_3,item
po_001924_gr_1,goods_receipt
po_001924_inv_1,invoice
po_001925,purchase_order
po_001925_item_1,item
po_001925_item_2,item
po_001925_item_3,item
po_001925_item_4,item
po_001925_gr_1,goods_receipt
po_001925_inv_1,invoice
po_001926,purchase_order
po_001926_item_1,item
po_001926_item_2,item
po_001926_gr_1,goods_receipt
po_001926_inv_1,invoice
po_001927,purchase_order
po_001927_item_1,item
po_001927_item_2,item
po_001927_item_3,item
po_001927_item_4,item
po_001927_item_5,item
po_001927_gr_1,goods_receipt
po_001927_inv_1,invoice
po_001928,purchase_order
po_001928_item_1,item
po_001928_item_2,item
po_001928_item_3,item
po_001928_item_4,item
po_001928_item_5,item
po_001928_gr_1,goods_receipt
po_001928_inv_1,invoice
po_001929,purchase_order
po_001929_item_1,item
po_001929_item_2,item
po_001929_gr_1,goods_receipt
po_001929_inv_1,invoice
po_001930,purchase_order
po_001930_item_1,item
po_001930_item_2,item
po_001930_gr_1,goods_receipt
po_001930_inv_1,invoice
po_001931,purchase_order
po_001931_item_1,item
po_001931_item_2,item
po_001931_item_3,item
po_001931_item_4,item
po_001931_item_5,item
po_001931_gr_1,goods_receipt
po_001931_gr_2,goods_receipt
po_001931_inv_1,invoice
po_001932,purchase_order
po_001932_item_1,item
po_001932_item_2,item
po_001932_item_3,item
po_001932_item_4,item
po_001932_item_5,item
po_001932_gr_1,goods_receipt
po_001932_gr_2,goods_receipt
po_001932_inv_1,invoice
po_001933,purchase_order
po_001933_item_1,item
po_001933_item_2,item
po_001933_item_3,item
po_001933_item_4,item
po_001933_item_5,item
po_001933_gr_1,goods_receipt
po_001933_inv_1,invoice
po_001934,purchase_order
po_001934_item_1,item
po_001934_item_2,item
po_001934_item_3,item
po_001934_item_4,item
po_001934_item_5,item
po_001934_gr_1,goods_receipt
po_001934_inv_1,invoice
po_001934_inv_2,invoice
po_001935,purchase_order
po_001935_item_1,item
po_001935_item_2,item
po_001935_item_3,item
po_001935_item_4,item
po_001935_gr_1,goods_receipt
po_001935_inv_1,invoice
po_001936,purchase_order
po_001936_item_1,item
po_001936_item_2,item
po_001936_item_3,item
po_001936_item_4,item
po_001936_item_5,item
po_001936_gr_1,goods_receipt
po_001936_inv_1,invoice
po_001937,purchase_order
po_001937_item_1,item
po_001937_item_2,item
po_001937_item_3,item
po_001937_gr_1,goods_receipt
po_001937_inv_1,invoice
po_001938,purchase_order
po_001938_item_1,item
po_001938_item_2,item
po_001938_item_3,item
po_001938_item_4,item
po_001938_item_5,item
po_001938_gr_1,goods_receipt
po_001938_inv_1,invoice
po_001939,purchase_order
po_001939_item_1,item
po_001939_gr_1,goods_receipt
po_001939_inv_1,invoice
po_001940,purchase_order
po_001940_item_1,item
po_001940_gr_1,goods_receipt
po_001940_inv_1,invoice
po_001941,purchase_order
po_001941_item_1,item
po_001941_gr_1,goods_receipt
po_001941_gr_2,goods_receipt
po_001941_inv_1,invoice
po_001942,purchase_order
po_001942_item_1,item
po_001942_item_2,item
po_001942_item_3,item
po_001942_item_4,item
po_001942_gr_1,goods_receipt
po_001942_inv_1,invoice
po_001943,purchase_order
po_001943_item_1,item
po_001943_item_2,item
po_001943_gr_1,goods_receipt
po_001943_gr_2,goods_receipt
po_001943_inv_1,invoice
po_001944,purchase_order
po_001944_item_1,item
po_001944_item_2,item
po_001944_item_3,item
po_001944_item_4,item
po_001944_item_5,item
po_001944_gr_1,goods_receipt
po_001944_inv_1,invoice
po_001944_inv_2,invoice
po_001945,purchase_order
po_001945_item_1,item
po_001945_item_2,item
po_001945_item_3,item
po_001945_gr_1,goods_receipt
po_001945_inv_1,invoice
po_001946,purchase_order
po_001946_item_1,item
po_001946_item_2,item
po_001946_item_3,item
po_001946_item_4,item
po_001946_item_5,item
po_001946_gr_1,goods_receipt
po_001946_inv_1,invoice
po_001947,purchase_order
po_001947_item_1,item
po_001947_item_2,item
po_001947_item_3,item
po_001947_gr_1,goods_receipt
po_001947_gr_2,goods_receipt
po_001947_inv_1,invoice
po_001947_inv_2,invoice
po_001948,purchase_order
po_001948_item_1,item
po_001948_item_2,item
po_001948_item_3,item
po_001948_item_4,item
po_001948_item_5,item
po_001948_gr_1,goods_receipt
po_001948_inv_1,invoice
po_001948_inv_2,invoice
po_001949,purchase_order
po_001949_item_1,item
po_001949_item_2,item
po_001949_item_3,item
po_001949_item_4,item
po_001949_item_5,item
po_001949_gr_1,goods_receipt
po_001949_inv_1,invoice
po_001950,purchase_order
po_001950_item_1,item
po_001950_item_2,item
po_001950_item_3,item
po_001950_item_4,item
po_001950_gr_1,goods_receipt
po_001950_inv_1,invoice
po_001951,purchase_order
po_001951_item_1,item
po_001951_item_2,item
po_001951_item_3,item
po_001951_item_4,item
po_001951_gr_1,goods_receipt
po_001951_inv_1,invoice
po_001951_inv_2,invoice
po_001952,purchase_order
po_001952_item_1,item
po_001952_item_2,item
po_001952_item_3,item
po_001952_item_4,item
po_001952_gr_1,goods_receipt
po_001952_inv_1,invoice
po_001953,purchase_order
po_001953_item_1,item
po_001953_gr_1,goods_receipt
po_001953_inv_1,invoice
po_001954,purchase_order
po_001954_item_1,item
po_001954_item_2,item
po_001954_item_3,item
po_001954_gr_1,goods_receipt
po_001954_inv_1,invoice
po_001955,purchase_order
po_001955_item_1,item
po_001955_item_2,item
po_001955_item_3,item
po_001955_gr_1,goods_receipt
po_001955_inv_1,invoice
po_001956,purchase_order
po_001956_item_1,item
po_001956_item_2,item
po_001956_gr_1,goods_receipt
po_001956_inv_1,invoice
po_001957,purchase_order
po_001957_item_1,item
po_001957_item_2,item
po_001957_item_3,item
po_001957_item_4,item
po_001957_gr_1,goods_receipt
po_001957_inv_1,invoice
po_001958,purchase_order
po_001958_item_1,item
po_001958_item_2,item
po_001958_item_3,item
po_001958_gr_1,goods_receipt
po_001958_inv_1,invoice
po_001959,purchase_order
po_001959_item_1,item
po_001959_item_2,item
po_001959_item_3,item
po_001959_gr_1,goods_receipt
po_001959_gr_2,goods_receipt
po_001959_inv_1,invoice
po_001959_inv_2,invoice
po_001960,purchase_order
po_001960_item_1,item
po_001960_item_2,item
po_001960_gr_1,goods_receipt
po_001960_gr_2,goods_receipt
po_001960_inv_1,invoice
po_001961,purchase_order
po_001961_item_1,item
po_001961_item_2,item
po_001961_item_3,item
po_001961_item_4,item
po_001961_item_5,item
po_001961_gr_1,goods_receipt
po_001961_gr_2,goods_receipt
po_001961_inv_1,invoice
po_001962,purchase_order
po_001962_item_1,item
po_001962_item_2,item
po_001962_gr_1,goods_receipt
po_001962_inv_1,invoice
po_001963,purchase_order
po_001963_item_1,item
po_001963_item_2,item
po_001963_gr_1,goods_receipt
po_001963_inv_1,invoice
po_001963_inv_2,invoice
po_001964,purchase_order
po_001964_item_1,item
po_001964_item_2,item
po_001964_gr_1,goods_receipt
po_001964_inv_1,invoice
po_001965,purchase_order
po_001965_item_1,item
po_001965_item_2,item
po_001965_gr_1,goods_receipt
po_001965_inv_1,invoice
po_001966,purchase_order
po_001966_item_1,item
po_001966_item_2,item
po_001966_item_3,item
po_001966_item_4,item
po_001966_gr_1,goods_receipt
po_001966_inv_1,invoice
po_001967,purchase_order
po_001967_item_1,item
po_001967_item_2,item
po_001967_item_3,item
po_001967_item_4,item
po_001967_gr_1,goods_receipt
po_001967_inv_1,invoice
po_001968,purchase_order
po_001968_item_1,item
po_001968_item_2,item
po_001968_gr_1,goods_receipt
po_001968_inv_1,invoice
po_001969,purchase_order
po_001969_item_1,item
po_001969_item_2,item
po_001969_item_3,item
po_001969_gr_1,goods_receipt
po_001969_inv_1,invoice
po_001970,purchase_order
po_001970_item_1,item
po_001970_gr_1,goods_receipt
po_001970_inv_1,invoice
po_001971,purchase_order
po_001971_item_1,item
po_001971_gr_1,goods_receipt
po_001971_inv_1,invoice
po_001972,purchase_order
po_001972_item_1,item
po_001972_gr_1,goods_receipt
po_001972_inv_1,invoice
po_001973,purchase_order
po_001973_item_1,item
po_001973_item_2,item
po_001973_gr_1,goods_receipt
po_001973_gr_2,goods_receipt
po_001973_inv_1,invoice
po_001974,purchase_order
po_001974_item_1,item
po_001974_item_2,item
po_001974_item_3,item
po_001974_item_4,item
po_001974_item_5,item
po_001974_gr_1,goods_receipt
po_001974_inv_1,invoice
po_001975,purchase_order
po_001975_item_1,item
po_001975_item_2,item
po_001975_item_3,item
po_001975_item_4,item
po_001975_gr_1,goods_receipt
po_001975_inv_1,invoice
po_001976,purchase_order
po_001976_item_1,item
po_001976_item_2,item
po_001976_gr_1,goods_receipt
po_001976_inv_1,invoice
po_001977,purchase_order
po_001977_item_1,item
po_001977_item_2,item
po_001977_gr_1,goods_receipt
po_001977_inv_1,invoice
po_001978,purchase_order
po_001978_item_1,item
po_001978_item_2,item
po_001978_item_3,item
po_001978_gr_1,goods_receipt
po_001978_inv_1,invoice
po_001978_inv_2,invoice
po_001979,purchase_order
po_001979_item_1,item
po_001979_gr_1,goods_receipt
po_001979_inv_1,invoice
po_001979_inv_2,invoice
po_001980,purchase_order
po_001980_item_1,item
po_001980_item_2,item
po_001980_item_3,item
po_001980_gr_1,goods_receipt
po_001980_inv_1,invoice
po_001981,purchase_order
po_001981_item_1,item
po_001981_item_2,item
po_001981_item_3,item
po_001981_item_4,item
po_001981_gr_1,goods_receipt
po_001981_inv_1,invoice
po_001982,purchase_order
po_001982_item_1,item
po_001982_item_2,item
po_001982_item_3,item
po_001982_item_4,item
po_001982_gr_1,goods_receipt
po_001982_inv_1,invoice
po_001983,purchase_order
po_001983_item_1,item
po_001983_item_2,item
po_001983_item_3,item
po_001983_item_4,item
po_001983_item_5,item
po_001983_gr_1,goods_receipt
po_001983_inv_1,invoice
po_001984,purchase_order
po_001984_item_1,item
po_001984_item_2,item
po_001984_item_3,item
po_001984_gr_1,goods_receipt
po_001984_inv_1,invoice
po_001985,purchase_order
po_001985_item_1,item
po_001985_item_2,item
po_001985_item_3,item
po_001985_item_4,item
po_001985_gr_1,goods_receipt
po_001985_inv_1,invoice
po_001986,purchase_order
po_001986_item_1,item
po_001986_item_2,item
po_001986_item_3,item
po_001986_item_4,item
po_001986_gr_1,goods_receipt
po_001986_gr_2,goods_receipt
po_001986_inv_1,invoice
po_001987,purchase_order
po_001987_item_1,item
po_001987_item_2,item
po_001987_item_3,item
po_001987_item_4,item
po_001987_gr_1,goods_receipt
po_001987_inv_1,invoice
po_001988,purchase_order
po_001988_item_1,item
po_001988_gr_1,goods_receipt
po_001988_inv_1,invoice
po_001989,purchase_order
po_001989_item_1,item
po_001989_item_2,item
po_001989_item_3,item
po_001989_gr_1,goods_receipt
po_001989_inv_1,invoice
po_001990,purchase_order
po_001990_item_1,item
po_001990_item_2,item
po_001990_item_3,item
po_001990_item_4,item
po_001990_gr_1,goods_receipt
po_001990_inv_1,invoice
po_001990_inv_2,invoice
po_001991,purchase_order
po_001991_item_1,item
po_001991_item_2,item
po_001991_item_3,item
po_001991_item_4,item
po_001991_gr_1,goods_receipt
po_001991_inv_1,invoice
po_001991_inv_2,invoice
po_001992,purchase_order
po_001992_item_1,item
po_001992_item_2,item
po_001992_gr_1,goods_receipt
po_001992_inv_1,invoice
po_001993,purchase_order
po_001993_item_1,item
po_001993_item_2,item
po_001993_item_3,item
po_001993_item_4,item
po_001993_item_5,item
po_001993_gr_1,goods_receipt
po_001993_inv_1,invoice
po_001994,purchase_order
po_001994_item_1,item
po_001994_gr_1,goods_receipt
po_001994_inv_1,invoice
po_001995,purchase_order
po_001995_item_1,item
po_001995_item_2,item
po_001995_item_3,item
po_001995_item_4,item
po_001995_gr_1,goods_receipt
po_001995_inv_1,invoice
po_001996,purchase_order
po_001996_item_1,item
po_001996_gr_1,goods_receipt
po_001996_gr_2,goods_receipt
po_001996_inv_1,invoice
po_001997,purchase_order
po_001997_item_1,item
po_001997_item_2,item
po_001997_item_3,item
po_001997_item_4,item
po_001997_gr_1,goods_receipt
po_001997_inv_1,invoice
po_001997_inv_2,invoice
po_001998,purchase_order
po_001998_item_1,item
po_001998_gr_1,goods_receipt
po_001998_inv_1,invoice
po_001999,purchase_order
po_001999_item_1,item
po_001999_item_2,item
po_001999_gr_1,goods_receipt
po_001999_gr_2,goods_receipt
po_001999_inv_1,invoice
po_002000,purchase_order
po_002000_item_1,item
po_002000_item_2,item
po_002000_gr_1,goods_receipt
po_002000_inv_1,invoice
